Entity,Code,Year,PrcntBelowPovertyLine
Albania,ALB,1996,8.89844295896261
Albania,ALB,2002,11.3883241782824
Albania,ALB,2005,7.28930426002602
Albania,ALB,2008,3.90261276643235
Albania,ALB,2012,4.80544210043541
Albania,ALB,2014,9.67596754489744
Albania,ALB,2015,3.69899795232545
Albania,ALB,2016,4.66663544213151
Albania,ALB,2017,3.62668251338197
Albania,ALB,2018,2.73037480604288
Albania,ALB,2019,0.79791472191832
Algeria,DZA,1988,25.1934464402478
Algeria,DZA,1995,24.2483154296875
Algeria,DZA,2011,4.01920776367187
Angola,AGO,2000,39.5388496284985
Angola,AGO,2008,37.6662913890945
Angola,AGO,2018,52.9023264215482
Argentina - urban,,1980,0.99246948242187
Argentina - urban,,1986,1.82773176874019
Argentina - urban,,1987,2.09365794422015
Argentina - urban,,1991,2.97245202772493
Argentina - urban,,1992,4.08905235053162
Argentina - urban,,1993,4.88293866112259
Argentina - urban,,1994,4.41681918984579
Argentina - urban,,1995,7.4007665015336
Argentina - urban,,1996,8.34633596500708
Argentina - urban,,1997,7.80552371654709
Argentina - urban,,1998,8.27855022820365
Argentina - urban,,1999,8.91652310756868
Argentina - urban,,2000,10.6992191692436
Argentina - urban,,2001,15.3976902308358
Argentina - urban,,2002,23.9710687759368
Argentina - urban,,2003,12.5360304302826
Argentina - urban,,2004,9.59616590810402
Argentina - urban,,2005,7.868301236414
Argentina - urban,,2006,5.90785408542935
Argentina - urban,,2007,4.88736320253028
Argentina - urban,,2008,4.67650967290257
Argentina - urban,,2009,3.99919594416244
Argentina - urban,,2010,3.08836355709583
Argentina - urban,,2011,2.10339961111334
Argentina - urban,,2012,2.28522839102869
Argentina - urban,,2013,1.99307462031543
Argentina - urban,,2014,2.09566719203864
Argentina - urban,,2016,2.13836815550515
Argentina - urban,,2017,2.13378584828196
Argentina - urban,,2018,2.60955995593629
Argentina - urban,,2019,2.9400172369368
Argentina - urban,,2020,3.45578408949908
Armenia,ARM,1996,36.62376953125
Armenia,ARM,1999,44.765244069468
Armenia,ARM,2001,47.2306430636326
Armenia,ARM,2002,43.6860780630349
Armenia,ARM,2003,39.6578618968386
Armenia,ARM,2004,28.9252139750246
Armenia,ARM,2005,19.369859300352
Armenia,ARM,2006,15.4649269153533
Armenia,ARM,2007,13.6955452153025
Armenia,ARM,2008,9.22336086676543
Armenia,ARM,2009,13.795771044103
Armenia,ARM,2010,14.0241236967227
Armenia,ARM,2011,13.1300138161237
Armenia,ARM,2012,11.203967068868
Armenia,ARM,2013,11.3280162087046
Armenia,ARM,2014,11.3577786012454
Armenia,ARM,2015,9.43295044921657
Armenia,ARM,2016,9.52221999588261
Armenia,ARM,2017,8.0793382801028
Armenia,ARM,2018,9.41740350018131
Armenia,ARM,2019,9.82805146223196
Armenia,ARM,2020,6.86473521262594
Australia,AUS,1981,1.24623809473005
Australia,AUS,1985,1.33700158126605
Australia,AUS,1989,0.99512544659254
Australia,AUS,1995,1.22160158423479
Australia,AUS,2001,0.99206492120819
Australia,AUS,2003,1.24127440029811
Australia,AUS,2004,0.71253719599306
Australia,AUS,2008,0.66945294632089
Australia,AUS,2010,0.67764916305148
Australia,AUS,2014,0.74441490995147
Australia,AUS,2016,0.49874177937585
Australia,AUS,2018,0.73823462000017
Austria,AUT,1987,0
Austria,AUT,1994,0.46980848880249
Austria,AUT,1995,1.24650095533525
Austria,AUT,1997,0.46217007462158
Austria,AUT,2000,0.24160877106211
Austria,AUT,2003,0.40182460757765
Austria,AUT,2004,0.14262783387893
Austria,AUT,2005,0.19562123428362
Austria,AUT,2006,0.23041492898475
Austria,AUT,2007,0.59875567275408
Austria,AUT,2008,0.5820162649488
Austria,AUT,2009,0.73255657946076
Austria,AUT,2010,0.57520305683479
Austria,AUT,2011,0.57502035207195
Austria,AUT,2012,0.71656319027881
Austria,AUT,2013,0.3766147053708
Austria,AUT,2014,0.33589076950627
Austria,AUT,2015,0.73144462460731
Austria,AUT,2016,0.89279805618639
Austria,AUT,2017,0.39829244174908
Austria,AUT,2018,0.70348995847128
Austria,AUT,2019,0.71255319226357
Azerbaijan,AZE,1995,38.7135419111351
Azerbaijan,AZE,2001,28.3343716040956
Azerbaijan,AZE,2002,2.56338803069698
Azerbaijan,AZE,2003,3.27477272333635
Azerbaijan,AZE,2004,1.03226939770932
Azerbaijan,AZE,2005,0.31486208027957
Bangladesh,BGD,1983,82.7309264294986
Bangladesh,BGD,1988,82.2800779878241
Bangladesh,BGD,1991,83.0846908334749
Bangladesh,BGD,1995,74.2846781189508
Bangladesh,BGD,2000,71.8606950717487
Bangladesh,BGD,2005,65.1292709319044
Bangladesh,BGD,2010,59.3146189394217
Bangladesh,BGD,2016,51.6278219216169
Belarus,BLR,1993,12.1070813183011
Belarus,BLR,1995,6.69811523437499
Belarus,BLR,1998,56.6992024513777
Belarus,BLR,1999,51.0654661168647
Belarus,BLR,2000,43.2733041216482
Belarus,BLR,2001,28.1071893644396
Belarus,BLR,2002,22.3060360437927
Belarus,BLR,2003,18.763719672995
Belarus,BLR,2004,10.6154277691022
Belarus,BLR,2005,5.98360032255239
Belarus,BLR,2006,3.54246305818482
Belarus,BLR,2007,2.68243939887933
Belarus,BLR,2008,1.67463518795898
Belarus,BLR,2009,1.78816751714519
Belarus,BLR,2010,0.85382026130057
Belarus,BLR,2011,0.58902804723755
Belarus,BLR,2012,0.14768092759913
Belarus,BLR,2013,0.062187509976548
Belarus,BLR,2014,0.05341984435267
Belarus,BLR,2015,0.13839821169447
Belarus,BLR,2016,0.059822191496042
Belarus,BLR,2017,0.11156650105531
Belarus,BLR,2018,0.069053766472642
Belarus,BLR,2019,0.018242964722896
Belarus,BLR,2020,0.065878540412472
Belgium,BEL,1985,0.4967520072497
Belgium,BEL,1988,0.7352906937096
Belgium,BEL,1992,0.9832838279244
Belgium,BEL,1995,0.72919926741206
Belgium,BEL,1997,0.49247940301453
Belgium,BEL,2000,0.66123955664055
Belgium,BEL,2003,0.45099638139226
Belgium,BEL,2004,0.12799201587909
Belgium,BEL,2005,0.32792853855514
Belgium,BEL,2006,0.21040159198038
Belgium,BEL,2007,0.1966019767948
Belgium,BEL,2008,0.14073749990858
Belgium,BEL,2009,0.15885292417682
Belgium,BEL,2010,0.19895671368216
Belgium,BEL,2011,0.28984884764816
Belgium,BEL,2012,0.23130173909624
Belgium,BEL,2013,0.22179425048752
Belgium,BEL,2014,0.1264582449026
Belgium,BEL,2015,0.19516408074835
Belgium,BEL,2016,0.090163713770298
Belgium,BEL,2017,0.2261241159032
Belgium,BEL,2018,0.089751183997024
Belgium,BEL,2019,0.12917170597557
Belize,BLZ,1993,31.7584086250095
Belize,BLZ,1994,33.0764182353694
Belize,BLZ,1995,28.5993149423594
Belize,BLZ,1996,41.4761747308865
Belize,BLZ,1997,43.1835270981549
Belize,BLZ,1998,42.0783311658182
Belize,BLZ,1999,36.6477156250427
Benin,BEN,2003,80.7763194257067
Benin,BEN,2011,77.6182645847059
Benin,BEN,2015,78.0793646977167
Benin,BEN,2018,53.2320005901118
Bhutan,BTN,2003,41.5904789628567
Bhutan,BTN,2007,26.6351542542251
Bhutan,BTN,2012,11.9279555232124
Bhutan,BTN,2017,9.4201795673822
Bolivia,BOL,1997,26.0710470877532
Bolivia,BOL,1999,31.974967624387
Bolivia,BOL,2000,35.4152484726445
Bolivia,BOL,2001,29.7937733787606
Bolivia,BOL,2002,31.6325370906842
Bolivia,BOL,2004,21.0997038929544
Bolivia,BOL,2005,25.7296681981125
Bolivia,BOL,2006,22.2351765814038
Bolivia,BOL,2007,18.5719328166828
Bolivia,BOL,2008,15.1193194200775
Bolivia,BOL,2009,14.0503999653863
Bolivia,BOL,2011,10.3586038637292
Bolivia,BOL,2012,10.9981414364354
Bolivia,BOL,2013,9.30758535490331
Bolivia,BOL,2014,8.98845520548382
Bolivia,BOL,2015,8.58116173753177
Bolivia,BOL,2016,10.0832975293515
Bolivia,BOL,2017,9.17528875938503
Bolivia,BOL,2018,7.70308248086383
Bolivia,BOL,2019,5.6902158131769
Bolivia,BOL,2020,6.19820519922078
Bolivia - urban,,1990,15.5586474609375
Bolivia - urban,,1992,26.2971339038919
Bosnia and Herzegovina,BIH,2001,1.11063743985457
Bosnia and Herzegovina,BIH,2004,0.72081203535545
Bosnia and Herzegovina,BIH,2007,0.43518091876155
Bosnia and Herzegovina,BIH,2011,0.84969793941962
Botswana,BWA,1985,63.3321205154119
Botswana,BWA,1993,55.516474609375
Botswana,BWA,2002,49.5647897385457
Botswana,BWA,2009,36.6742157973165
Botswana,BWA,2015,38.0041747036277
Brazil,BRA,1981,42.8749676496929
Brazil,BRA,1982,42.9843677038023
Brazil,BRA,1983,50.917832994296
Brazil,BRA,1984,50.1487688779836
Brazil,BRA,1985,45.2007512067701
Brazil,BRA,1986,26.1148407181016
Brazil,BRA,1987,36.4731805377424
Brazil,BRA,1988,39.3114105697355
Brazil,BRA,1989,36.4122302672107
Brazil,BRA,1990,41.5935230665627
Brazil,BRA,1992,40.7278661719509
Brazil,BRA,1993,39.6544817055878
Brazil,BRA,1995,29.6654495218334
Brazil,BRA,1996,29.9657880926442
Brazil,BRA,1997,30.1747696288323
Brazil,BRA,1998,28.8727662373302
Brazil,BRA,1999,29.8677244866321
Brazil,BRA,2001,26.2123602874577
Brazil,BRA,2002,25.3290470814178
Brazil,BRA,2003,26.0804410337653
Brazil,BRA,2004,24.4095197855603
Brazil,BRA,2005,22.3479363851275
Brazil,BRA,2006,19.4059051243542
Brazil,BRA,2007,18.0066613013166
Brazil,BRA,2008,15.693009692033
Brazil,BRA,2009,14.5919887507465
Brazil,BRA,2011,12.0325919514388
Brazil,BRA,2012,10.6324177323785
Brazil,BRA,2013,9.48380980337334
Brazil,BRA,2014,8.61495754863454
Brazil,BRA,2015,9.28319913061493
Brazil,BRA,2016,10.6160144985502
Brazil,BRA,2017,10.9970574529848
Brazil,BRA,2018,10.8822005237311
Brazil,BRA,2019,10.7549825998635
Brazil,BRA,2020,5.31882348623381
Bulgaria,BGR,1989,0.10153442382812
Bulgaria,BGR,1992,0
Bulgaria,BGR,1994,0.66294555664062
Bulgaria,BGR,1995,3.1055900621118
Bulgaria,BGR,1997,6.79575195312499
Bulgaria,BGR,2001,8.11100683737766
Bulgaria,BGR,2003,4.75024488639629
Bulgaria,BGR,2006,11.4771301771783
Bulgaria,BGR,2007,2.64493943490663
Bulgaria,BGR,2008,3.51447996163976
Bulgaria,BGR,2009,3.04491060432917
Bulgaria,BGR,2010,4.55411568386827
Bulgaria,BGR,2011,5.11168998139528
Bulgaria,BGR,2012,5.52986247825232
Bulgaria,BGR,2013,4.99018397573416
Bulgaria,BGR,2014,3.94646044779717
Bulgaria,BGR,2015,6.06351749745796
Bulgaria,BGR,2016,4.77233830573562
Bulgaria,BGR,2017,3.4537187709968
Bulgaria,BGR,2018,2.31290353175619
Bulgaria,BGR,2019,2.8086221968903
Burkina Faso,BFA,1994,92.2666761733541
Burkina Faso,BFA,1998,90.8337079719975
Burkina Faso,BFA,2003,79.1934351409344
Burkina Faso,BFA,2009,79.9907185792826
Burkina Faso,BFA,2014,74.2283496788875
Burkina Faso,BFA,2018,59.8200680354435
Burundi,BDI,1992,93.0125350583021
Burundi,BDI,1998,94.2146368387808
Burundi,BDI,2006,90.4898544630876
Burundi,BDI,2013,86.6650999875092
Cameroon,CMR,1996,75.3540335761438
Cameroon,CMR,2001,55.7932227102413
Cameroon,CMR,2007,58.4520405398112
Cameroon,CMR,2014,46.9771474317813
Canada,CAN,1971,2.9973810490525
Canada,CAN,1975,1.49491076625883
Canada,CAN,1981,0.74812417118949
Canada,CAN,1987,0.22109677742125
Canada,CAN,1991,0.21757377323914
Canada,CAN,1994,0.24814096765243
Canada,CAN,1997,0.4992698673055
Canada,CAN,1998,0.4993151205028
Canada,CAN,2000,0.49913946038203
Canada,CAN,2004,0.24355848530468
Canada,CAN,2007,0.24825242107119
Canada,CAN,2010,0.24883100418888
Canada,CAN,2012,0.49764221425397
Canada,CAN,2013,0.49648544485728
Canada,CAN,2014,0.49497858537227
Canada,CAN,2015,0.49591716531859
Canada,CAN,2016,0.49981260839038
Canada,CAN,2017,0.49738307093489
Cape Verde,CPV,2001,42.0629845311215
Cape Verde,CPV,2007,30.6840763015194
Cape Verde,CPV,2015,19.3314782683512
Central African Republic,CAF,1992,91.1345967802697
Central African Republic,CAF,2008,80.806585356687
Chad,TCD,2003,82.5556359795955
Chad,TCD,2011,64.7643683436988
Chad,TCD,2018,64.6448948227295
Chile,CHL,1987,34.7813014768978
Chile,CHL,1990,28.1334813999562
Chile,CHL,1992,21.6189951051742
Chile,CHL,1994,20.2136923785736
Chile,CHL,1996,16.2047038850724
Chile,CHL,1998,14.8626215647114
Chile,CHL,2000,15.9851755034295
Chile,CHL,2003,15.2620305536948
Chile,CHL,2006,7.80789547397948
Chile,CHL,2009,5.77036262142492
Chile,CHL,2011,4.01867626687993
Chile,CHL,2013,2.04267930806551
Chile,CHL,2015,1.62220933536795
Chile,CHL,2017,1.05585677604265
Chile,CHL,2020,1.68365587907665
China,CHN,1981,99.6694042426283
China,CHN,1984,97.696006727526
China,CHN,1987,93.4407453485003
China,CHN,1990,92.6833584916509
China,CHN,1993,87.1174271459934
China,CHN,1996,78.0803622935434
China,CHN,1999,73.2521634934763
China,CHN,2002,62.7551855769622
China,CHN,2005,48.9969253105877
China,CHN,2008,39.6696998952644
China,CHN,2010,33.1312738656379
China,CHN,2011,28.0020357993016
China,CHN,2012,24.2133163736139
China,CHN,2013,15.8345888468252
China,CHN,2014,12.7342108793477
China,CHN,2015,9.78416782226562
China,CHN,2016,7.82606147845086
China,CHN,2017,6.84817310742187
China,CHN,2018,4.95736579867593
China,CHN,2019,3.01156509304187
China - rural,,1981,99.999
China - rural,,1984,98.0200735712214
China - rural,,1987,95.384992131857
China - rural,,1990,96.2926072903744
China - rural,,1993,95.0044250488281
China - rural,,1996,88.2028161260748
China - rural,,1999,87.7690794986288
China - rural,,2002,82.6873864892746
China - rural,,2005,70.1951007866586
China - rural,,2008,63.5274916933785
China - rural,,2010,57.2913076696608
China - rural,,2011,49.8953843129018
China - rural,,2012,44.7392437447615
China - rural,,2013,27.299462890625
China - rural,,2014,22.0514892578125
China - rural,,2015,17.5602001953125
China - rural,,2016,14.6188940429687
China - rural,,2017,12.7760009765625
China - rural,,2018,9.18785156249999
China - rural,,2019,5.55088378906249
China - urban,,1981,98.3606872558594
China - urban,,1984,96.5605102539063
China - urban,,1987,87.3704541015625
China - urban,,1990,82.6429257416403
China - urban,,1993,67.9041333007813
China - urban,,1996,56.4868936027905
China - urban,,1999,46.1315748468487
China - urban,,2002,30.814384765625
China - urban,,2005,20.3428466796875
China - urban,,2008,12.263408203125
China - urban,,2010,8.211484375
China - urban,,2011,6.55166015625
China - urban,,2012,5.087109375
China - urban,,2013,5.67292968749999
China - urban,,2014,4.87963134765625
China - urban,,2015,3.54933105468749
China - urban,,2016,2.64619140624999
China - urban,,2017,2.54855468749999
China - urban,,2018,2.0359619140625
China - urban,,2019,1.34030029296874
Colombia,COL,1992,23.8783531485968
Colombia,COL,1996,34.1719905129702
Colombia,COL,1999,38.157515401648
Colombia,COL,2000,33.2460932537162
Colombia,COL,2001,39.4690604196885
Colombia,COL,2002,30.9210733157302
Colombia,COL,2003,29.3352394450332
Colombia,COL,2004,28.8224262689568
Colombia,COL,2005,25.6349609795893
Colombia,COL,2008,24.0612570239515
Colombia,COL,2009,22.2285853698789
Colombia,COL,2010,20.0083167487418
Colombia,COL,2011,17.9360297230766
Colombia,COL,2012,16.7796524788474
Colombia,COL,2013,15.3385873902502
Colombia,COL,2014,14.272863395101
Colombia,COL,2015,12.9866544440071
Colombia,COL,2016,12.8686215004054
Colombia,COL,2017,12.1185288951333
Colombia,COL,2018,12.2277506538453
Colombia,COL,2019,13.7159054041201
Colombia,COL,2020,21.0632372703175
Colombia - urban,,1980,37.0430939295543
Colombia - urban,,1988,29.5201477111161
Colombia - urban,,1989,29.5573120117187
Colombia - urban,,1991,27.2886461815883
Comoros,COM,2004,37.3181942145489
Comoros,COM,2014,39.5245539864959
Congo,COG,2005,72.8113838114406
Congo,COG,2011,59.085844472694
Costa Rica,CRI,1981,44.4250202798545
Costa Rica,CRI,1986,28.6257680974813
Costa Rica,CRI,1989,21.4980781493673
Costa Rica,CRI,1990,20.8082349507378
Costa Rica,CRI,1991,24.5299761018638
Costa Rica,CRI,1992,21.1644967693133
Costa Rica,CRI,1993,17.4112637053775
Costa Rica,CRI,1994,14.6897358208098
Costa Rica,CRI,1995,15.3255795434002
Costa Rica,CRI,1996,17.5937166851598
Costa Rica,CRI,1997,15.1000128001962
Costa Rica,CRI,1998,11.8511839326079
Costa Rica,CRI,1999,14.0132877208076
Costa Rica,CRI,2000,14.7751943988906
Costa Rica,CRI,2001,11.5283781679105
Costa Rica,CRI,2002,10.5174200076019
Costa Rica,CRI,2003,10.4978401746044
Costa Rica,CRI,2004,9.83825936370428
Costa Rica,CRI,2005,8.45852635524812
Costa Rica,CRI,2006,8.24935083481335
Costa Rica,CRI,2007,5.92289801857328
Costa Rica,CRI,2008,5.7363984787943
Costa Rica,CRI,2009,6.05670274370332
Costa Rica,CRI,2010,4.07923530413949
Costa Rica,CRI,2011,4.83405740215244
Costa Rica,CRI,2012,4.39498239563697
Costa Rica,CRI,2013,4.34816911975647
Costa Rica,CRI,2014,4.25158701185548
Costa Rica,CRI,2015,4.38610718650159
Costa Rica,CRI,2016,4.05517695759577
Costa Rica,CRI,2017,3.08606557293985
Costa Rica,CRI,2018,3.95908251443126
Costa Rica,CRI,2019,3.46135496608396
Costa Rica,CRI,2020,5.95063972839704
Cote d'Ivoire,CIV,1985,23.9229549396292
Cote d'Ivoire,CIV,1986,23.8394208431142
Cote d'Ivoire,CIV,1987,32.1067226295137
Cote d'Ivoire,CIV,1988,41.2932241671541
Cote d'Ivoire,CIV,1992,55.3578725266314
Cote d'Ivoire,CIV,1995,55.9243441930853
Cote d'Ivoire,CIV,1998,64.4873562297973
Cote d'Ivoire,CIV,2002,63.4865279864366
Cote d'Ivoire,CIV,2008,62.8978282074945
Cote d'Ivoire,CIV,2015,63.1864154853632
Cote d'Ivoire,CIV,2018,39.6463471619158
Croatia,HRV,1998,0
Croatia,HRV,1999,0.49208129882812
Croatia,HRV,2000,0.24798950195312
Croatia,HRV,2001,0.27239868164062
Croatia,HRV,2004,0.14564225731865
Croatia,HRV,2008,0.10579714820687
Croatia,HRV,2009,0.083983898956017
Croatia,HRV,2010,0
Croatia,HRV,2011,1.8239670117964
Croatia,HRV,2012,2.04220048852394
Croatia,HRV,2013,2.02415322840154
Croatia,HRV,2014,1.71556001676853
Croatia,HRV,2015,1.26299410020949
Croatia,HRV,2016,1.25061334202448
Croatia,HRV,2017,1.10702020883405
Croatia,HRV,2018,0.74311266554067
Croatia,HRV,2019,0.61209839689412
Cyprus,CYP,2004,0.13180860420801
Cyprus,CYP,2005,0.054130256399337
Cyprus,CYP,2006,0.031285532699926
Cyprus,CYP,2007,0.025159187283425
Cyprus,CYP,2008,0.008470222714588
Cyprus,CYP,2009,0.11828873047739
Cyprus,CYP,2010,0.097770432512806
Cyprus,CYP,2011,0.032071279708233
Cyprus,CYP,2012,0.020768824833383
Cyprus,CYP,2013,0.18907595147682
Cyprus,CYP,2014,0.1587191241243
Cyprus,CYP,2015,0.090627358221741
Cyprus,CYP,2016,0.090766129445112
Cyprus,CYP,2017,0.051302468474015
Cyprus,CYP,2018,0.080962034726772
Cyprus,CYP,2019,0.22256454882482
Czechia,CZE,1992,0
Czechia,CZE,1993,0.028306884765625
Czechia,CZE,1996,0.2489164020569
Czechia,CZE,2002,0
Czechia,CZE,2004,0.028533683902917
Czechia,CZE,2005,0.057793607492122
Czechia,CZE,2006,0.075728111741175
Czechia,CZE,2007,0.18151268525312
Czechia,CZE,2008,0.12283436071968
Czechia,CZE,2009,0.060066710590332
Czechia,CZE,2010,0.1220068837628
Czechia,CZE,2011,0.096916206067448
Czechia,CZE,2012,0.13821391574705
Czechia,CZE,2013,0.05644064412924
Czechia,CZE,2014,0.064455702834125
Czechia,CZE,2015,0.022165250799029
Czechia,CZE,2016,0.079814366321755
Czechia,CZE,2017,0.11875881780316
Czechia,CZE,2018,0.048807672192216
Czechia,CZE,2019,0
Democratic Republic of Congo,COD,2004,97.5676634232189
Democratic Republic of Congo,COD,2012,87.7417781479195
Denmark,DNK,1987,0.74805153909327
Denmark,DNK,1992,0.74676208447765
Denmark,DNK,1995,0.24737881580856
Denmark,DNK,2000,0
Denmark,DNK,2003,0.36886795468052
Denmark,DNK,2004,0.33116525172144
Denmark,DNK,2005,0.27815130423216
Denmark,DNK,2006,0.21648742455926
Denmark,DNK,2007,0.34580913656494
Denmark,DNK,2008,0.36462734916905
Denmark,DNK,2009,0.63711655604394
Denmark,DNK,2010,0.13848134652018
Denmark,DNK,2011,0
Denmark,DNK,2012,0
Denmark,DNK,2013,0.31091564605586
Denmark,DNK,2014,0.24332004937428
Denmark,DNK,2015,0.25567067494807
Denmark,DNK,2016,0.29987349214946
Denmark,DNK,2017,0.17106141265954
Denmark,DNK,2018,0.22652870822013
Denmark,DNK,2019,0.33590668561849
Djibouti,DJI,2002,51.6419492178099
Djibouti,DJI,2012,42.158369180605
Djibouti,DJI,2013,47.8200367487405
Djibouti,DJI,2017,43.7987518775737
Dominican Republic,DOM,1986,16.9255615234375
Dominican Republic,DOM,1989,36.9975057804368
Dominican Republic,DOM,1992,23.14990234375
Dominican Republic,DOM,1996,17.5612372917551
Dominican Republic,DOM,1997,16.1958310239654
Dominican Republic,DOM,2000,16.0803232315944
Dominican Republic,DOM,2001,16.146626541458
Dominican Republic,DOM,2002,17.7015275271522
Dominican Republic,DOM,2003,21.8410220308666
Dominican Republic,DOM,2004,27.8883314554191
Dominican Republic,DOM,2005,21.372579713071
Dominican Republic,DOM,2006,18.5588359385632
Dominican Republic,DOM,2007,18.0778828463871
Dominican Republic,DOM,2008,18.5877852053412
Dominican Republic,DOM,2009,16.8159416637692
Dominican Republic,DOM,2010,16.7071732919724
Dominican Republic,DOM,2011,13.7395772807756
Dominican Republic,DOM,2012,14.2997479966455
Dominican Republic,DOM,2013,13.7175239275913
Dominican Republic,DOM,2014,10.9382194683013
Dominican Republic,DOM,2015,8.83734915010476
Dominican Republic,DOM,2016,8.04991054862683
Dominican Republic,DOM,2017,5.36802764558659
Dominican Republic,DOM,2018,4.20076886218149
Dominican Republic,DOM,2019,3.53594978899022
Dominican Republic,DOM,2020,5.34029852579004
East Asia and Pacific,,1990,87.3216484580874
East Asia and Pacific,,1991,86.3170895913808
East Asia and Pacific,,1992,84.5326271750496
East Asia and Pacific,,1993,82.4843009193804
East Asia and Pacific,,1994,79.8473097570904
East Asia and Pacific,,1995,77.0586709939859
East Asia and Pacific,,1996,74.2429637293282
East Asia and Pacific,,1997,73.2935788940816
East Asia and Pacific,,1998,73.0147093944264
East Asia and Pacific,,1999,70.6429377690653
East Asia and Pacific,,2000,67.5888624972381
East Asia and Pacific,,2001,65.2346422003363
East Asia and Pacific,,2002,60.9862110552903
East Asia and Pacific,,2003,57.9125478053818
East Asia and Pacific,,2004,54.4040532676029
East Asia and Pacific,,2005,49.3903212222382
East Asia and Pacific,,2006,47.4868477254109
East Asia and Pacific,,2007,43.4667014833502
East Asia and Pacific,,2008,41.1746801874736
East Asia and Pacific,,2009,38.2956912729794
East Asia and Pacific,,2010,33.9523246099141
East Asia and Pacific,,2011,29.7643670105294
East Asia and Pacific,,2012,26.7002168643028
East Asia and Pacific,,2013,20.3205505155791
East Asia and Pacific,,2014,17.5320036654447
East Asia and Pacific,,2015,14.6281051391859
East Asia and Pacific,,2016,12.7031991360571
East Asia and Pacific,,2017,11.2878005616635
East Asia and Pacific,,2018,9.36822519162683
East Asia and Pacific,,2019,7.59210909223093
Ecuador,ECU,1994,35.1582596731722
Ecuador,ECU,1999,40.4902371993279
Ecuador,ECU,2000,50.2883652590106
Ecuador,ECU,2003,30.7663374467538
Ecuador,ECU,2004,32.3537506402368
Ecuador,ECU,2005,25.5043491409153
Ecuador,ECU,2006,20.1394060662531
Ecuador,ECU,2007,19.5822846451851
Ecuador,ECU,2008,18.5288731766982
Ecuador,ECU,2009,17.6993892908698
Ecuador,ECU,2010,15.1322332195942
Ecuador,ECU,2011,12.3182370558644
Ecuador,ECU,2012,11.6745570241095
Ecuador,ECU,2013,10.1791940781476
Ecuador,ECU,2014,8.68653792237505
Ecuador,ECU,2015,9.53986824997854
Ecuador,ECU,2016,9.54338404445392
Ecuador,ECU,2017,8.88385255732339
Ecuador,ECU,2018,9.70698704366858
Ecuador,ECU,2019,9.88142269708782
Ecuador,ECU,2020,14.3865761046071
Ecuador - urban,,1987,32.7645329217036
Ecuador - urban,,1995,32.6956253483186
Ecuador - urban,,1998,35.9325857268606
Egypt,EGY,1990,33.8839800531185
Egypt,EGY,1995,33.9021459960938
Egypt,EGY,1999,20.1475732421875
Egypt,EGY,2004,28.1380295751689
Egypt,EGY,2008,26.01939099867
Egypt,EGY,2010,17.7716022535824
Egypt,EGY,2012,13.6984363321054
Egypt,EGY,2015,13.192789342878
Egypt,EGY,2017,21.9967897267865
El Salvador,SLV,1989,32.6938916015625
El Salvador,SLV,1991,39.175986766867
El Salvador,SLV,1995,29.731351968393
El Salvador,SLV,1996,30.7918704271676
El Salvador,SLV,1998,34.3691163092212
El Salvador,SLV,1999,30.3562966148066
El Salvador,SLV,2000,25.695529583126
El Salvador,SLV,2001,27.469414916839
El Salvador,SLV,2002,27.6914850992819
El Salvador,SLV,2003,28.4208492738842
El Salvador,SLV,2004,24.0940205892289
El Salvador,SLV,2005,24.2378135047481
El Salvador,SLV,2006,20.9635937523747
El Salvador,SLV,2007,16.7534470079089
El Salvador,SLV,2008,21.3292040379185
El Salvador,SLV,2009,20.7113186060026
El Salvador,SLV,2010,19.8579645657981
El Salvador,SLV,2011,18.3941622765756
El Salvador,SLV,2012,16.0745493307816
El Salvador,SLV,2013,14.2377228784269
El Salvador,SLV,2014,13.7449386255577
El Salvador,SLV,2015,11.47130442328
El Salvador,SLV,2016,11.9631497933583
El Salvador,SLV,2017,9.67131483187261
El Salvador,SLV,2018,8.95160132797496
El Salvador,SLV,2019,6.59125743528038
Estonia,EST,1993,6.68591064453124
Estonia,EST,1995,6.02686279296874
Estonia,EST,1998,3.93987792968749
Estonia,EST,2000,5.91578538313718
Estonia,EST,2001,6.17959610164736
Estonia,EST,2002,5.64384085520313
Estonia,EST,2003,6.63433637921895
Estonia,EST,2004,3.94883532832604
Estonia,EST,2005,1.94625438446115
Estonia,EST,2006,1.42934313819186
Estonia,EST,2007,0.90106251215551
Estonia,EST,2008,0.92444233077825
Estonia,EST,2009,1.21741724133517
Estonia,EST,2010,1.77482546328764
Estonia,EST,2011,1.64253600957671
Estonia,EST,2012,1.53413443123482
Estonia,EST,2013,1.64010828853674
Estonia,EST,2014,1.37823154115697
Estonia,EST,2015,0.92108636421072
Estonia,EST,2016,0.67515231959521
Estonia,EST,2017,0.5714983913457
Estonia,EST,2018,0.50981170970465
Estonia,EST,2019,0.88888809395863
Eswatini,SWZ,1994,93.9090705762697
Eswatini,SWZ,2000,76.4371318229828
Eswatini,SWZ,2009,69.7283678106622
Eswatini,SWZ,2016,58.0488887071486
Ethiopia,ETH,1995,86.9660268888572
Ethiopia,ETH,1999,87.3756639902797
Ethiopia,ETH,2004,76.6471850667965
Ethiopia,ETH,2010,71.7192103890597
Ethiopia,ETH,2015,65.0294212029627
Ethiopia - rural,,1981,91.7392060775322
Europe and Central Asia,,1990,10.489353287022
Europe and Central Asia,,1991,11.9057443250997
Europe and Central Asia,,1992,14.9912825809775
Europe and Central Asia,,1993,17.5548477578619
Europe and Central Asia,,1994,21.7990958544814
Europe and Central Asia,,1995,19.7070385036512
Europe and Central Asia,,1996,20.6104551724206
Europe and Central Asia,,1997,18.3949277200439
Europe and Central Asia,,1998,18.8743977888383
Europe and Central Asia,,1999,24.4002761456716
Europe and Central Asia,,2000,21.1940656335867
Europe and Central Asia,,2001,19.164025377782
Europe and Central Asia,,2002,16.9826642709746
Europe and Central Asia,,2003,16.0367095354963
Europe and Central Asia,,2004,13.6710819782893
Europe and Central Asia,,2005,12.8513465053707
Europe and Central Asia,,2006,11.0178264491787
Europe and Central Asia,,2007,9.68696801105929
Europe and Central Asia,,2008,8.41951044028534
Europe and Central Asia,,2009,8.28054404394059
Europe and Central Asia,,2010,8.19234974468692
Europe and Central Asia,,2011,7.87648905542026
Europe and Central Asia,,2012,7.67826180457664
Europe and Central Asia,,2013,7.31554631038519
Europe and Central Asia,,2014,7.57123813575714
Europe and Central Asia,,2015,7.34635821537555
Europe and Central Asia,,2016,6.78830702164348
Europe and Central Asia,,2017,6.73909508079718
Europe and Central Asia,,2018,6.12433354603829
Europe and Central Asia,,2019,6.17581795679285
Fiji,FJI,2002,12.7531302233379
Fiji,FJI,2008,9.39266135954464
Fiji,FJI,2013,6.00492420520899
Fiji,FJI,2019,12.355819786742
Finland,FIN,1987,0
Finland,FIN,1991,0
Finland,FIN,1995,0
Finland,FIN,2000,0
Finland,FIN,2003,0.09134002116684
Finland,FIN,2004,0.071642299796678
Finland,FIN,2005,0.11105393794934
Finland,FIN,2006,0.12242462493153
Finland,FIN,2007,0.10135448782746
Finland,FIN,2008,0.12714893865383
Finland,FIN,2009,0.06336418026063
Finland,FIN,2010,0.070194576862812
Finland,FIN,2011,0.064937101281969
Finland,FIN,2012,0.054570436181487
Finland,FIN,2013,0.091388943222815
Finland,FIN,2014,0.07666443386841
Finland,FIN,2015,0.11298557880889
Finland,FIN,2016,0.082293863698376
Finland,FIN,2017,0.085401690146149
Finland,FIN,2018,0.1119218955286
Finland,FIN,2019,0.099969960311717
France,FRA,1978,1.49180583811182
France,FRA,1984,2.24197249129783
France,FRA,1989,1.24407220762218
France,FRA,1994,0.24939289612247
France,FRA,2000,0.24474613789531
France,FRA,2003,0.20071639298585
France,FRA,2004,0.11102317341331
France,FRA,2005,0.052899570613869
France,FRA,2006,0.054499948391565
France,FRA,2007,0.048958903670811
France,FRA,2008,0.020584003410308
France,FRA,2009,0.1194958959349
France,FRA,2010,0.13925021164302
France,FRA,2011,0.064071884597666
France,FRA,2012,0.099077182184649
France,FRA,2013,0.12879750954905
France,FRA,2014,0.041682025276931
France,FRA,2015,0.21044383705223
France,FRA,2016,0.12289739383023
France,FRA,2017,0.031758910357252
France,FRA,2018,0.072292166103834
Gabon,GAB,2005,21.0237282020333
Gabon,GAB,2017,8.13235062817877
Gambia,GMB,1998,88.5274975236875
Gambia,GMB,2003,73.5229160948712
Gambia,GMB,2010,59.5423951508259
Gambia,GMB,2015,44.6491279489222
Georgia,GEO,1996,19.9442599548544
Georgia,GEO,1997,40.6768211798142
Georgia,GEO,1998,39.3506784550322
Georgia,GEO,1999,47.0980149436937
Georgia,GEO,2000,49.6196100574856
Georgia,GEO,2001,52.3832584925752
Georgia,GEO,2002,35.4653237727343
Georgia,GEO,2003,35.8679452278673
Georgia,GEO,2004,32.7259875528915
Georgia,GEO,2005,35.2112204588212
Georgia,GEO,2006,35.5804492503509
Georgia,GEO,2007,37.7994715001167
Georgia,GEO,2008,34.1149454341836
Georgia,GEO,2009,34.2691340972102
Georgia,GEO,2010,35.7351331298685
Georgia,GEO,2011,33.2689575150135
Georgia,GEO,2012,29.6379305785068
Georgia,GEO,2013,25.3465907006416
Georgia,GEO,2014,22.0247543198163
Georgia,GEO,2015,19.973938501734
Georgia,GEO,2016,20.0861012512846
Georgia,GEO,2017,20.1110618415869
Georgia,GEO,2018,19.5832001628624
Georgia,GEO,2019,18.4701078300698
Georgia,GEO,2020,21.3628956395069
Germany,DEU,1991,0
Germany,DEU,1992,0.23775076141572
Germany,DEU,1993,0
Germany,DEU,1994,0.18821348145076
Germany,DEU,1995,0.24242906244946
Germany,DEU,1996,0.24807859633626
Germany,DEU,1997,0.21876860825453
Germany,DEU,1998,0
Germany,DEU,1999,0.23505194178118
Germany,DEU,2000,0.24933054714791
Germany,DEU,2001,0
Germany,DEU,2002,0
Germany,DEU,2003,0.22819638034752
Germany,DEU,2004,0.20847782468922
Germany,DEU,2005,0
Germany,DEU,2006,0
Germany,DEU,2007,0
Germany,DEU,2008,0.24716957286335
Germany,DEU,2009,0
Germany,DEU,2010,0.24980600672994
Germany,DEU,2011,0
Germany,DEU,2012,0
Germany,DEU,2013,0
Germany,DEU,2014,0.24989782944037
Germany,DEU,2015,0
Germany,DEU,2016,0
Germany,DEU,2017,0.23355321884745
Germany,DEU,2018,0.24972662390797
Ghana,GHA,1987,90.0928110586001
Ghana,GHA,1988,89.4966110947691
Ghana,GHA,1991,90.2458810978152
Ghana,GHA,1998,80.1047329182206
Ghana,GHA,2005,70.1649982986499
Ghana,GHA,2012,51.9194653619181
Ghana,GHA,2016,48.893085288706
Greece,GRC,1995,2.24123241702254
Greece,GRC,2000,0.97251372987277
Greece,GRC,2003,0.66302081449844
Greece,GRC,2004,1.01976846581211
Greece,GRC,2005,0.5343437484971
Greece,GRC,2006,0.89327843540668
Greece,GRC,2007,0.74817558593105
Greece,GRC,2008,0.54068310602799
Greece,GRC,2009,0.67202111170355
Greece,GRC,2010,1.3108580622196
Greece,GRC,2011,2.00285404656411
Greece,GRC,2012,2.83025842191299
Greece,GRC,2013,2.64707111655753
Greece,GRC,2014,2.91147079882519
Greece,GRC,2015,2.80739654489023
Greece,GRC,2016,2.03798141437251
Greece,GRC,2017,1.59496942525263
Greece,GRC,2018,0.28149788630695
Greece,GRC,2019,1.26801460613195
Guatemala,GTM,1986,69.9434541546772
Guatemala,GTM,1989,55.3179664178617
Guatemala,GTM,1998,29.3742431640625
Guatemala,GTM,2000,23.4334278520846
Guatemala,GTM,2006,25.2371212333336
Guatemala,GTM,2014,25.8602337143477
Guinea,GIN,1991,96.9048268922991
Guinea,GIN,1994,66.7374192641983
Guinea,GIN,2002,78.8155682093225
Guinea,GIN,2007,74.5926245472545
Guinea,GIN,2012,59.7295197949094
Guinea,GIN,2018,46.5962500796601
Guinea-Bissau,GNB,1993,69.5303010929885
Guinea-Bissau,GNB,2002,82.6264893287001
Guinea-Bissau,GNB,2010,84.5158704747092
Guinea-Bissau,GNB,2018,56.7875429029909
Guyana,GUY,1992,55.9385161066554
Guyana,GUY,1998,24.8864373783258
Haiti,HTI,2001,82.8297123189965
Haiti,HTI,2012,58.0279417171168
High income countries,,1990,0.77806318150171
High income countries,,1991,0.74286254907884
High income countries,,1992,0.81087628590496
High income countries,,1993,0.83999744583068
High income countries,,1994,0.80426633076308
High income countries,,1995,0.78894318716694
High income countries,,1996,0.75342034778135
High income countries,,1997,0.75581788384623
High income countries,,1998,0.82297400606493
High income countries,,1999,0.72512034928493
High income countries,,2000,0.77160882222357
High income countries,,2001,0.73336164693013
High income countries,,2002,0.74700154232547
High income countries,,2003,0.8287585193352
High income countries,,2004,0.81376080312687
High income countries,,2005,0.79169527461311
High income countries,,2006,0.75441700650079
High income countries,,2007,0.74742117480717
High income countries,,2008,0.79189846532096
High income countries,,2009,0.74371267707257
High income countries,,2010,0.73470346830575
High income countries,,2011,0.79238719149201
High income countries,,2012,0.83870048241686
High income countries,,2013,0.88378326067831
High income countries,,2014,0.9460052304601
High income countries,,2015,0.89875593772005
High income countries,,2016,0.86872945915555
High income countries,,2017,0.91489961717381
High income countries,,2018,0.84641258906214
High income countries,,2019,0.82873311842629
Honduras,HND,1989,59.9869850869907
Honduras,HND,1990,62.295500588836
Honduras,HND,1991,54.3543228407563
Honduras,HND,1992,50.0409436502956
Honduras,HND,1993,43.431189254699
Honduras,HND,1994,43.7418550969588
Honduras,HND,1995,46.0937080199828
Honduras,HND,1996,48.9312466150787
Honduras,HND,1997,38.1355235380625
Honduras,HND,1998,40.2362612819541
Honduras,HND,1999,41.5106617906573
Honduras,HND,2001,33.9825822389491
Honduras,HND,2002,38.0440855155061
Honduras,HND,2003,43.2733112245576
Honduras,HND,2004,42.0180927326937
Honduras,HND,2005,39.8488183214473
Honduras,HND,2006,35.0641346532049
Honduras,HND,2007,30.1961153418556
Honduras,HND,2008,28.888930986796
Honduras,HND,2009,25.6877454842836
Honduras,HND,2010,27.7833409761924
Honduras,HND,2011,28.0600239049388
Honduras,HND,2012,32.8104327780427
Honduras,HND,2013,29.2265478116019
Honduras,HND,2014,28.7882081138666
Honduras,HND,2015,28.5719929292086
Honduras,HND,2016,28.3141538885352
Honduras,HND,2017,27.5054613242536
Honduras,HND,2018,27.2457827853285
Honduras,HND,2019,26.4279590386141
Honduras - urban,,1986,69.7711384718018
Hungary,HUN,1987,0.11373901367187
Hungary,HUN,1989,0.86432128906249
Hungary,HUN,1991,2.42818055782584
Hungary,HUN,1993,0.50428588867187
Hungary,HUN,1994,2.42436698511571
Hungary,HUN,1998,1.01250236664767
Hungary,HUN,1999,0.90779059768363
Hungary,HUN,2000,0.80139455529381
Hungary,HUN,2001,0.55008299060009
Hungary,HUN,2002,0.14481634151935
Hungary,HUN,2003,0.67904075553224
Hungary,HUN,2004,0.45058479579017
Hungary,HUN,2005,0.40241250160968
Hungary,HUN,2006,0.32635694708991
Hungary,HUN,2007,0.73523689435693
Hungary,HUN,2008,0.23592780439307
Hungary,HUN,2009,0.22874671980671
Hungary,HUN,2010,0.31475319775963
Hungary,HUN,2011,0.34823265738257
Hungary,HUN,2012,1.00244280801761
Hungary,HUN,2013,0.86795341165235
Hungary,HUN,2014,1.14626375447373
Hungary,HUN,2015,1.31480999690039
Hungary,HUN,2016,1.92168284498549
Hungary,HUN,2017,1.47626919067157
Hungary,HUN,2018,0.69441724546955
Hungary,HUN,2019,0.88228674319153
Iceland,ISL,2003,0.093034436676501
Iceland,ISL,2004,0.17006549704711
Iceland,ISL,2005,0.13897438518542
Iceland,ISL,2006,0.27816480918065
Iceland,ISL,2007,0.1315996036197
Iceland,ISL,2008,0.060815003213338
Iceland,ISL,2009,0.097200670681477
Iceland,ISL,2010,0.1938260924181
Iceland,ISL,2011,0.21563163999238
Iceland,ISL,2012,0.11375581917725
Iceland,ISL,2013,0.088209330327807
Iceland,ISL,2014,0.053172509325265
Iceland,ISL,2015,0.034490183330564
Iceland,ISL,2016,0.079983761731824
Iceland,ISL,2017,0.017925464232156
India,IND,1977,88.9477541091105
India,IND,1983,86.3980563841903
India,IND,1987,83.9535135222376
India,IND,1993,82.2993933006812
India,IND,2004,76.6286317707197
India,IND,2009,71.557539820612
India,IND,2011,62.2981247112274
India,IND,2015,60.9362902279293
India,IND,2016,59.8286781813835
India,IND,2017,54.3475818275363
India,IND,2018,46.8393002469373
India,IND,2019,44.7843975365721
India - rural,,1977,92.0397214336348
India - rural,,1983,90.2212787654006
India - rural,,1987,87.9470026983365
India - rural,,1993,87.4758095132742
India - rural,,2004,83.3330300008385
India - rural,,2009,79.6732861805957
India - rural,,2011,70.0301843508358
India - rural,,2015,66.5054294972208
India - rural,,2016,65.9641562522173
India - rural,,2017,62.1751086036877
India - rural,,2018,54.1373621868928
India - rural,,2019,51.3643032817366
India - urban,,1977,78.0019146589013
India - urban,,1983,74.2104643315293
India - urban,,1987,71.8591439190953
India - urban,,1993,67.711706566169
India - urban,,2004,60.136828091416
India - urban,,2009,53.139966927814
India - urban,,2011,45.308162239037
India - urban,,2015,49.514431958879
India - urban,,2016,47.4737757164812
India - urban,,2017,38.8788979736388
India - urban,,2018,32.691397043056
India - urban,,2019,32.2766212701167
Indonesia,IDN,1984,92.4329993183143
Indonesia,IDN,1987,93.326759809813
Indonesia,IDN,1990,88.0537638595537
Indonesia,IDN,1993,87.5384282114874
Indonesia,IDN,1996,81.1920055251431
Indonesia,IDN,1998,90.6857016313793
Indonesia,IDN,1999,81.7584725403072
Indonesia,IDN,2000,81.625877451616
Indonesia,IDN,2001,79.3430167743812
Indonesia,IDN,2002,67.7084073725197
Indonesia,IDN,2003,65.4819817842194
Indonesia,IDN,2004,65.7523884532817
Indonesia,IDN,2005,63.4647548817727
Indonesia,IDN,2006,68.0918312551474
Indonesia,IDN,2007,60.8204171938883
Indonesia,IDN,2008,59.7298094895342
Indonesia,IDN,2009,57.5136049867135
Indonesia,IDN,2010,50.673248648084
Indonesia,IDN,2011,47.6168139397252
Indonesia,IDN,2012,46.059740454103
Indonesia,IDN,2013,43.5716691644603
Indonesia,IDN,2014,40.4629460512665
Indonesia,IDN,2015,35.8451709707016
Indonesia,IDN,2016,33.4510185829835
Indonesia,IDN,2017,29.6846381714337
Indonesia,IDN,2018,26.4109907616766
Indonesia,IDN,2019,24.6686676119995
Indonesia,IDN,2020,23.4632884138734
Indonesia,IDN,2021,22.3938045302706
Indonesia - rural,,1984,96.3184267672188
Indonesia - rural,,1987,96.8229089355469
Indonesia - rural,,1990,94.3550363160646
Indonesia - rural,,1993,95.0949758581785
Indonesia - rural,,1996,91.4965425807601
Indonesia - rural,,1998,96.8661814512768
Indonesia - rural,,1999,90.9307760608258
Indonesia - rural,,2000,90.1649832000038
Indonesia - rural,,2001,89.9378351883689
Indonesia - rural,,2002,81.505847166376
Indonesia - rural,,2003,80.0621987873172
Indonesia - rural,,2004,80.7004056156016
Indonesia - rural,,2005,77.9855100085915
Indonesia - rural,,2006,82.6676607799727
Indonesia - rural,,2007,75.3146542257662
Indonesia - rural,,2008,73.7990475473134
Indonesia - rural,,2009,71.2281447940522
Indonesia - rural,,2010,62.1069894280387
Indonesia - rural,,2011,57.9314025775422
Indonesia - rural,,2012,56.7530290766403
Indonesia - rural,,2013,53.0830107025715
Indonesia - rural,,2014,48.3717097820776
Indonesia - rural,,2015,43.1918642218801
Indonesia - rural,,2016,40.1584235567947
Indonesia - rural,,2017,35.7173783607186
Indonesia - rural,,2018,32.7018682248411
Indonesia - rural,,2019,30.7741585219741
Indonesia - rural,,2020,28.9982482211162
Indonesia - rural,,2021,27.0272572146548
Indonesia - urban,,1984,80.9269378155991
Indonesia - urban,,1987,84.2626461892428
Indonesia - urban,,1990,73.7518699018734
Indonesia - urban,,1993,72.743616179197
Indonesia - urban,,1996,63.8222116935574
Indonesia - urban,,1998,81.2561498891543
Indonesia - urban,,1999,68.4452311684914
Indonesia - urban,,2000,69.8347472543128
Indonesia - urban,,2001,65.17375044451
Indonesia - urban,,2002,49.8370999524498
Indonesia - urban,,2003,47.1912974891747
Indonesia - urban,,2004,47.5922144860502
Indonesia - urban,,2005,46.3787989792708
Indonesia - urban,,2006,51.4814106949281
Indonesia - urban,,2007,44.822938716344
Indonesia - urban,,2008,44.6912828476636
Indonesia - urban,,2009,43.3156202537854
Indonesia - urban,,2010,39.2001081145564
Indonesia - urban,,2011,37.5448255471779
Indonesia - urban,,2012,35.89865546778
Indonesia - urban,,2013,34.7761268030057
Indonesia - urban,,2014,33.3460353844613
Indonesia - urban,,2015,29.4115606547442
Indonesia - urban,,2016,27.7347724702881
Indonesia - urban,,2017,24.6803301246338
Indonesia - urban,,2018,21.3311000854546
Indonesia - urban,,2019,19.8685750669793
Indonesia - urban,,2020,19.2262459377206
Indonesia - urban,,2021,18.9395408688938
Iran,IRN,1986,24.858544921875
Iran,IRN,1990,24.760908203125
Iran,IRN,1994,18.5365673828125
Iran,IRN,1998,17.9507470703125
Iran,IRN,2005,5.72425775087614
Iran,IRN,2006,6.04614189733565
Iran,IRN,2009,6.04319048133585
Iran,IRN,2013,2.80645692760229
Iran,IRN,2014,4.43376078129844
Iran,IRN,2015,4.47085951897617
Iran,IRN,2016,4.5974344196374
Iran,IRN,2017,4.29351463930876
Iran,IRN,2018,4.57885251202631
Iran,IRN,2019,6.21932760975011
Iraq,IRQ,2006,2.11862169577628
Iraq,IRQ,2012,2.43956458767985
Ireland,IRL,1987,1.9570579310391
Ireland,IRL,1994,0.49141840241174
Ireland,IRL,1995,0.49401990274633
Ireland,IRL,1996,0.22401808463189
Ireland,IRL,2000,0.17827219729288
Ireland,IRL,2002,0.48480634630485
Ireland,IRL,2003,0.2425838790241
Ireland,IRL,2004,0.097833856215852
Ireland,IRL,2005,0.12717817794124
Ireland,IRL,2006,0.47204140665079
Ireland,IRL,2007,0.12933309457222
Ireland,IRL,2008,0.32855027000377
Ireland,IRL,2009,0.72606857339088
Ireland,IRL,2010,0.93777744846098
Ireland,IRL,2011,0.85170700962634
Ireland,IRL,2012,0.66337782485237
Ireland,IRL,2013,0.97595196922692
Ireland,IRL,2014,0.51654504669036
Ireland,IRL,2015,0.48186337660988
Ireland,IRL,2016,0.417797427557
Ireland,IRL,2017,0.33537354475854
Ireland,IRL,2018,0.098707503144649
Israel,ISR,1979,0.79071028446761
Israel,ISR,1986,0.92834205863177
Israel,ISR,1992,0.47896747168279
Israel,ISR,1997,0.96133357557069
Israel,ISR,2001,0.4822543226931
Israel,ISR,2002,1.72987103714895
Israel,ISR,2003,1.99991344003123
Israel,ISR,2004,1.99783734477634
Israel,ISR,2005,1.49738951319454
Israel,ISR,2006,1.19939844910522
Israel,ISR,2007,0.98446801465063
Israel,ISR,2008,1.49970092037259
Israel,ISR,2009,1.72290227410935
Israel,ISR,2010,1.20740615211506
Israel,ISR,2011,1.45938246968935
Israel,ISR,2012,1.4983972223848
Israel,ISR,2013,0.99876056309599
Israel,ISR,2014,1.24795349209441
Israel,ISR,2015,0.74896771064424
Israel,ISR,2016,0.99776826109617
Israel,ISR,2017,1.24748533811522
Israel,ISR,2018,0.99346438334913
Italy,ITA,1986,0.47771429406073
Italy,ITA,1987,1.70883284703848
Italy,ITA,1989,0.2099356343805
Italy,ITA,1991,0.24771694316105
Italy,ITA,1993,1.93622792325519
Italy,ITA,1995,1.16881300201298
Italy,ITA,1998,2.23880631058707
Italy,ITA,2000,1.74531770953664
Italy,ITA,2003,1.11347716929094
Italy,ITA,2004,0.94060451445213
Italy,ITA,2005,1.03610546900799
Italy,ITA,2006,0.94058751200184
Italy,ITA,2007,1.06752502088772
Italy,ITA,2008,1.04723142143993
Italy,ITA,2009,1.2826617016151
Italy,ITA,2010,1.60642677231378
Italy,ITA,2011,1.49114046771918
Italy,ITA,2012,1.82471500460432
Italy,ITA,2013,2.0461236659325
Italy,ITA,2014,1.78265266613151
Italy,ITA,2015,2.55596998593351
Italy,ITA,2016,2.25150635728726
Italy,ITA,2017,1.82715873670533
Italy,ITA,2018,2.10318260872491
Jamaica,JAM,1988,17.0231982421875
Jamaica,JAM,1990,16.5628029358815
Jamaica,JAM,1993,26.2010498046875
Jamaica,JAM,1996,11.4220570344299
Jamaica,JAM,1999,8.53273341637152
Jamaica,JAM,2002,8.89016149170881
Jamaica,JAM,2004,7.23536919343362
Japan,JPN,2008,0.98372508343771
Japan,JPN,2010,0.24280565026048
Japan,JPN,2013,0.94340350645419
Jordan,JOR,1986,0.058818359375
Jordan,JOR,1992,6.86897949218749
Jordan,JOR,1997,4.22058349609374
Jordan,JOR,2002,2.68368706243751
Jordan,JOR,2006,0.86569402905843
Jordan,JOR,2008,0.56369615526755
Jordan,JOR,2010,0.38067847934229
Kazakhstan,KAZ,1993,29.0671704525728
Kazakhstan,KAZ,1996,29.2664481976305
Kazakhstan,KAZ,2001,37.6060643001473
Kazakhstan,KAZ,2002,33.3938131302289
Kazakhstan,KAZ,2003,27.9617850488719
Kazakhstan,KAZ,2004,21.5969475292625
Kazakhstan,KAZ,2005,28.441942891946
Kazakhstan,KAZ,2006,8.4174675468409
Kazakhstan,KAZ,2007,4.46450017061041
Kazakhstan,KAZ,2008,3.36806507867802
Kazakhstan,KAZ,2009,3.99228971900879
Kazakhstan,KAZ,2010,2.86597231423831
Kazakhstan,KAZ,2011,1.0665477642537
Kazakhstan,KAZ,2012,0.90491553264886
Kazakhstan,KAZ,2013,0.44940067361302
Kazakhstan,KAZ,2014,0.50717969555703
Kazakhstan,KAZ,2015,0.66953042086011
Kazakhstan,KAZ,2016,1.25880700328768
Kazakhstan,KAZ,2017,0.72574968095054
Kazakhstan,KAZ,2018,0.47622635862052
Kenya,KEN,1992,48.779541015625
Kenya,KEN,1994,53.5228739274597
Kenya,KEN,1997,53.4651283022695
Kenya,KEN,2005,64.3996585864179
Kenya,KEN,2015,59.5728715291324
Kiribati,KIR,2006,37.8024140171481
Kiribati,KIR,2019,19.4214304219782
Kosovo,OWID_KOS,2003,21.7569254289238
Kosovo,OWID_KOS,2005,22.4313415340758
Kosovo,OWID_KOS,2006,22.3186721847321
Kosovo,OWID_KOS,2009,17.4378869010936
Kosovo,OWID_KOS,2010,17.8962336631997
Kosovo,OWID_KOS,2011,12.2935001688407
Kosovo,OWID_KOS,2012,7.02641282668124
Kosovo,OWID_KOS,2013,4.72147215149066
Kosovo,OWID_KOS,2014,6.17966931832026
Kosovo,OWID_KOS,2015,3.82521882310911
Kosovo,OWID_KOS,2016,4.70103041185766
Kosovo,OWID_KOS,2017,4.15834196622043
Kyrgyzstan,KGZ,1998,51.4500728400519
Kyrgyzstan,KGZ,2000,75.678045172274
Kyrgyzstan,KGZ,2001,71.5394005179279
Kyrgyzstan,KGZ,2002,69.6885524644874
Kyrgyzstan,KGZ,2003,67.5353194319554
Kyrgyzstan,KGZ,2004,44.2283744457678
Kyrgyzstan,KGZ,2005,49.7025094867877
Kyrgyzstan,KGZ,2006,36.9913153575714
Kyrgyzstan,KGZ,2007,33.6096440547859
Kyrgyzstan,KGZ,2008,22.7397872927367
Kyrgyzstan,KGZ,2009,18.6524816362213
Kyrgyzstan,KGZ,2010,21.3745834778247
Kyrgyzstan,KGZ,2011,19.2996171795597
Kyrgyzstan,KGZ,2012,19.9951289134337
Kyrgyzstan,KGZ,2013,24.112552597695
Kyrgyzstan,KGZ,2014,17.6019476914505
Kyrgyzstan,KGZ,2015,21.0798891636411
Kyrgyzstan,KGZ,2016,17.0155195908422
Kyrgyzstan,KGZ,2017,17.3445062441316
Kyrgyzstan,KGZ,2018,13.2150233537062
Kyrgyzstan,KGZ,2019,11.6807251793097
Kyrgyzstan,KGZ,2020,18.7142386983002
Laos,LAO,1992,62.4873431425168
Laos,LAO,1997,78.689192976538
Laos,LAO,2002,65.3367359735241
Laos,LAO,2007,58.4734697924343
Laos,LAO,2012,40.4947650002831
Laos,LAO,2018,32.4664764630899
Latin America and the Caribbean,,1990,31.3088575691135
Latin America and the Caribbean,,1991,30.1923140951863
Latin America and the Caribbean,,1992,30.4053927342702
Latin America and the Caribbean,,1993,30.4533102115279
Latin America and the Caribbean,,1994,28.608650610933
Latin America and the Caribbean,,1995,28.9424698251894
Latin America and the Caribbean,,1996,30.6608620203764
Latin America and the Caribbean,,1997,29.2374569659273
Latin America and the Caribbean,,1998,28.1110245636961
Latin America and the Caribbean,,1999,28.5555535474079
Latin America and the Caribbean,,2000,26.7205811159074
Latin America and the Caribbean,,2001,26.4630048066719
Latin America and the Caribbean,,2002,26.08367378965
Latin America and the Caribbean,,2003,25.4036822465646
Latin America and the Caribbean,,2004,23.7456008081517
Latin America and the Caribbean,,2005,22.1057569877869
Latin America and the Caribbean,,2006,19.0180684571819
Latin America and the Caribbean,,2007,17.9040599936332
Latin America and the Caribbean,,2008,16.8631958236246
Latin America and the Caribbean,,2009,16.1512141932582
Latin America and the Caribbean,,2010,14.7834154881467
Latin America and the Caribbean,,2011,13.6667710982186
Latin America and the Caribbean,,2012,12.6780795380596
Latin America and the Caribbean,,2013,11.8473689249449
Latin America and the Caribbean,,2014,11.3088864274809
Latin America and the Caribbean,,2015,11.005862660061
Latin America and the Caribbean,,2016,11.2101923277938
Latin America and the Caribbean,,2017,10.9173522104638
Latin America and the Caribbean,,2018,10.6642388594406
Latin America and the Caribbean,,2019,10.5759269373001
Latvia,LVA,1993,3.866650390625
Latvia,LVA,1995,6.31195041185176
Latvia,LVA,1996,7.76329009430072
Latvia,LVA,1997,9.14834299669043
Latvia,LVA,1998,8.00049089502758
Latvia,LVA,2002,3.65001556687575
Latvia,LVA,2003,3.38017184673453
Latvia,LVA,2004,2.39622464260008
Latvia,LVA,2005,5.1731577620594
Latvia,LVA,2006,2.72782418369012
Latvia,LVA,2007,0.82943318240227
Latvia,LVA,2008,0.81619295409777
Latvia,LVA,2009,1.51809621377597
Latvia,LVA,2010,3.83402389059347
Latvia,LVA,2011,3.06779637985996
Latvia,LVA,2012,2.7602365664747
Latvia,LVA,2013,2.49094148300822
Latvia,LVA,2014,1.94619933560209
Latvia,LVA,2015,1.64424648934603
Latvia,LVA,2016,1.47330367901011
Latvia,LVA,2017,1.53733129808064
Latvia,LVA,2018,0.94425398556288
Latvia,LVA,2019,0.80725165690942
Lebanon,LBN,2011,0.061129758306652
Lesotho,LSO,1986,73.2565849492497
Lesotho,LSO,1994,68.2217821782178
Lesotho,LSO,2002,84.2095405692864
Lesotho,LSO,2017,54.6500065038838
Liberia,LBR,2007,82.8403684096012
Liberia,LBR,2014,60.5887947858374
Liberia,LBR,2016,60.585503559798
Lithuania,LTU,1993,30.4585887130643
Lithuania,LTU,1996,4.86441766257174
Lithuania,LTU,1998,3.23179774352767
Lithuania,LTU,1999,4.12157784666674
Lithuania,LTU,2000,4.76807996988371
Lithuania,LTU,2001,4.85477462806383
Lithuania,LTU,2002,4.58573988871695
Lithuania,LTU,2003,1.84651539008604
Lithuania,LTU,2004,2.06597237289451
Lithuania,LTU,2005,4.38831663991732
Lithuania,LTU,2006,2.87443521906037
Lithuania,LTU,2007,1.90320828848308
Lithuania,LTU,2008,1.15378202633489
Lithuania,LTU,2009,4.28662807815682
Lithuania,LTU,2010,3.16667890233159
Lithuania,LTU,2011,1.59736418918374
Lithuania,LTU,2012,2.0105636085153
Lithuania,LTU,2013,2.00517898571552
Lithuania,LTU,2014,2.65827708024694
Lithuania,LTU,2015,1.43785009183171
Lithuania,LTU,2016,2.19768919715821
Lithuania,LTU,2017,1.52616703887987
Lithuania,LTU,2018,1.33972089438435
Lithuania,LTU,2019,0.68857953886289
Luxembourg,LUX,1985,0.2357528211375
Luxembourg,LUX,1991,0
Luxembourg,LUX,1994,0
Luxembourg,LUX,1997,0
Luxembourg,LUX,2000,0
Luxembourg,LUX,2003,0.079092497772299
Luxembourg,LUX,2004,0.020910731048414
Luxembourg,LUX,2005,0.090798080911648
Luxembourg,LUX,2006,0.003730512475798
Luxembourg,LUX,2007,0.021916223784472
Luxembourg,LUX,2008,0
Luxembourg,LUX,2009,0.068215987477373
Luxembourg,LUX,2010,0.036835597734562
Luxembourg,LUX,2011,0.13851242288782
Luxembourg,LUX,2012,0.060118274912612
Luxembourg,LUX,2013,0.12196779816968
Luxembourg,LUX,2014,0.19842364891127
Luxembourg,LUX,2015,0.35940728229971
Luxembourg,LUX,2016,0.13262428773042
Luxembourg,LUX,2017,0.38217393293472
Luxembourg,LUX,2018,0.378449240538
Luxembourg,LUX,2019,0.12050393712957
Madagascar,MDG,1980,73.8377048264421
Madagascar,MDG,1993,89.7618510125552
Madagascar,MDG,1997,88.9676801088104
Madagascar,MDG,1999,88.0789387905248
Madagascar,MDG,2001,86.1572037880237
Madagascar,MDG,2005,90.3865030506714
Madagascar,MDG,2010,92.3627196823952
Madagascar,MDG,2012,92.4115895839732
Malawi,MWI,1997,82.511484254899
Malawi,MWI,2004,88.8192148773806
Malawi,MWI,2010,87.2904401955494
Malawi,MWI,2016,87.2650905870964
Malawi,MWI,2019,89.0599756742197
Malaysia,MYS,1984,14.8751904296875
Malaysia,MYS,1987,14.7775537109375
Malaysia,MYS,1989,13.825595703125
Malaysia,MYS,1992,13.7523681640625
Malaysia,MYS,1995,13.38623046875
Malaysia,MYS,1997,8.7728955078125
Malaysia,MYS,2003,8.24498500662012
Malaysia,MYS,2006,4.86737020372598
Malaysia,MYS,2008,5.3156653833093
Malaysia,MYS,2011,1.84431830062985
Malaysia,MYS,2013,0.58230948696052
Malaysia,MYS,2015,0.39128913719008
Maldives,MDV,2002,27.9056317507754
Maldives,MDV,2009,18.0243518752913
Maldives,MDV,2016,0.25505177524205
Maldives,MDV,2019,0
Mali,MLI,1994,93.3518261138913
Mali,MLI,2001,79.9124007181843
Mali,MLI,2006,77.2229277189756
Mali,MLI,2009,78.6628172383211
Mali,MLI,2018,47.4841468841685
Malta,MLT,2006,0.58957606534509
Malta,MLT,2007,0.65523233777022
Malta,MLT,2008,0.23869062548481
Malta,MLT,2009,0.53709293526456
Malta,MLT,2010,0.26640949379212
Malta,MLT,2011,0.38101633562885
Malta,MLT,2012,0.27445750020433
Malta,MLT,2013,0.029666144928084
Malta,MLT,2014,0.025454764310361
Malta,MLT,2015,0.09578569489852
Malta,MLT,2016,0.18186458756458
Malta,MLT,2017,0.21544931409148
Malta,MLT,2018,0.23056295447181
Malta,MLT,2019,0.44397332340608
Marshall Islands,MHL,2019,6.11153192531491
Mauritania,MRT,1987,67.5264994271383
Mauritania,MRT,1993,71.3519299316406
Mauritania,MRT,1995,51.7908053639801
Mauritania,MRT,2000,49.0937283384761
Mauritania,MRT,2004,49.2902713864654
Mauritania,MRT,2008,36.7061327451128
Mauritania,MRT,2014,26.2180660492071
Mauritius,MUS,2006,2.84085278742233
Mauritius,MUS,2012,2.63504091424441
Mauritius,MUS,2017,1.78681491415855
Mexico,MEX,1984,25.5287595843679
Mexico,MEX,1989,24.2170482576975
Mexico,MEX,1992,20.825352735037
Mexico,MEX,1994,20.4334439220262
Mexico,MEX,1996,36.5425957970865
Mexico,MEX,1998,27.7917373212488
Mexico,MEX,2000,21.2914145585636
Mexico,MEX,2002,18.953005407135
Mexico,MEX,2004,15.9756803664206
Mexico,MEX,2005,16.0861653723583
Mexico,MEX,2006,13.110693920303
Mexico,MEX,2008,14.492029614801
Mexico,MEX,2010,12.7597093380614
Mexico,MEX,2012,12.2403517036178
Mexico,MEX,2014,12.0107680553457
Mexico,MEX,2016,10.7103741332796
Mexico,MEX,2018,9.36263506717514
Mexico,MEX,2020,9.93349363288714
Micronesia (country),FSM,2005,27.0593442149646
Micronesia (country),FSM,2013,40.6702338556988
Micronesia (country) - urban,,2000,60.2382780050263
Middle East and North Africa,,1990,25.6896492837393
Middle East and North Africa,,1991,28.9369841540573
Middle East and North Africa,,1992,26.84984022996
Middle East and North Africa,,1993,25.5628216636643
Middle East and North Africa,,1994,25.4652276013063
Middle East and North Africa,,1995,26.3660174054528
Middle East and North Africa,,1996,25.1340358370681
Middle East and North Africa,,1997,23.6994528632169
Middle East and North Africa,,1998,21.5329853917038
Middle East and North Africa,,1999,20.4109253023846
Middle East and North Africa,,2000,19.1548359453781
Middle East and North Africa,,2001,19.1163405739587
Middle East and North Africa,,2003,19.1291778528411
Middle East and North Africa,,2004,17.4142823784737
Middle East and North Africa,,2005,16.3523295664794
Middle East and North Africa,,2006,16.0615972880698
Middle East and North Africa,,2007,15.1377136196157
Middle East and North Africa,,2008,14.446191512957
Middle East and North Africa,,2009,13.5056001777573
Middle East and North Africa,,2010,12.0187219593359
Middle East and North Africa,,2011,11.287192710016
Middle East and North Africa,,2012,10.8295780318757
Middle East and North Africa,,2013,11.1171743006161
Middle East and North Africa,,2014,11.9697207230487
Middle East and North Africa,,2015,14.3951784975048
Middle East and North Africa,,2016,15.0116217839364
Middle East and North Africa,,2017,15.930856958455
Middle East and North Africa,,2018,17.892812656875
Moldova,MDA,1997,39.0532492941033
Moldova,MDA,1998,53.0725421452195
Moldova,MDA,1999,65.9634759925541
Moldova,MDA,2000,64.6517774600369
Moldova,MDA,2001,55.0976447537842
Moldova,MDA,2002,40.467715490989
Moldova,MDA,2003,27.7364594596372
Moldova,MDA,2004,28.7171418127851
Moldova,MDA,2005,35.6943555818512
Moldova,MDA,2006,10.5852576000929
Moldova,MDA,2007,6.50844944097308
Moldova,MDA,2008,7.23347695760093
Moldova,MDA,2009,6.55378086784366
Moldova,MDA,2010,4.4600017577446
Moldova,MDA,2011,3.11348493271411
Moldova,MDA,2012,2.31309035905468
Moldova,MDA,2013,1.63210203807293
Moldova,MDA,2014,0.83351318971624
Moldova,MDA,2015,0.89216266493552
Moldova,MDA,2016,1.09116249792681
Moldova,MDA,2017,0.7246496207153
Moldova,MDA,2018,0.62115426268907
Moldova,MDA,2019,0.37676238885023
Mongolia,MNG,1995,41.1039954368408
Mongolia,MNG,1998,65.6178436668486
Mongolia,MNG,2002,37.5949087810743
Mongolia,MNG,2007,14.7806495078541
Mongolia,MNG,2010,12.6277576162294
Mongolia,MNG,2011,8.79250080843431
Mongolia,MNG,2012,5.88737552563588
Mongolia,MNG,2014,4.05075704536324
Mongolia,MNG,2016,8.52363445379155
Mongolia,MNG,2018,6.87614322846656
Montenegro,MNE,2005,1.10932907047029
Montenegro,MNE,2006,1.06878891837031
Montenegro,MNE,2007,0.56070187847026
Montenegro,MNE,2008,0.45755853479449
Montenegro,MNE,2009,0.5897799528709
Montenegro,MNE,2010,0.53105501590572
Montenegro,MNE,2011,1.0287341999718
Montenegro,MNE,2012,2.1355633448013
Montenegro,MNE,2013,2.53440307161115
Montenegro,MNE,2014,0.5033578154633
Montenegro,MNE,2015,7.96810893123411
Montenegro,MNE,2016,5.94192686097607
Montenegro,MNE,2017,7.02714023599309
Montenegro,MNE,2018,6.32995681784303
Morocco,MAR,1984,37.5759060978309
Morocco,MAR,1990,24.4707760414211
Morocco,MAR,1998,31.7452190652953
Morocco,MAR,2000,32.544268327664
Morocco,MAR,2006,20.1990888111934
Morocco,MAR,2013,9.75907434831244
Mozambique,MOZ,1996,91.784501556688
Mozambique,MOZ,2002,92.5429264888998
Mozambique,MOZ,2008,89.6150159872938
Mozambique,MOZ,2014,83.1275284442662
Myanmar,MMR,2015,30.0236265722013
Myanmar,MMR,2017,19.645150583953
Namibia,NAM,1993,67.4344307607761
Namibia,NAM,2003,60.2207880510519
Namibia,NAM,2009,51.5787895719767
Namibia,NAM,2015,33.2524988080073
Nauru,NRU,2012,14.1186037806073
Nepal,NPL,1984,91.6694273940705
Nepal,NPL,1995,83.7726256574657
Nepal,NPL,2003,70.6208940787443
Nepal,NPL,2010,40.0310288084466
Netherlands,NLD,1983,1.47204002989716
Netherlands,NLD,1987,0.45157698272068
Netherlands,NLD,1990,1.47405090510966
Netherlands,NLD,1993,1.96613771049037
Netherlands,NLD,1999,0.49250549782518
Netherlands,NLD,2004,0.43039151485475
Netherlands,NLD,2005,0.20954502336063
Netherlands,NLD,2006,0.11088090492724
Netherlands,NLD,2007,0.058807765865343
Netherlands,NLD,2008,0.21176404196743
Netherlands,NLD,2009,0.24315905656923
Netherlands,NLD,2010,0.11009008950696
Netherlands,NLD,2011,0.17005346334194
Netherlands,NLD,2012,0.093338513096972
Netherlands,NLD,2013,0.15496213085596
Netherlands,NLD,2014,0.20964344208202
Netherlands,NLD,2015,0.13333654844657
Netherlands,NLD,2016,0.15009616105768
Netherlands,NLD,2017,0.29675796047887
Netherlands,NLD,2018,0.16558090673816
Netherlands,NLD,2019,0.11657064225608
Nicaragua,NIC,1993,46.1325208105208
Nicaragua,NIC,1998,41.9414985377715
Nicaragua,NIC,2001,44.804309044245
Nicaragua,NIC,2005,44.0826560403008
Nicaragua,NIC,2009,24.242998185735
Nicaragua,NIC,2014,14.4412792945653
Niger,NER,1992,95.6943000158167
Niger,NER,1994,95.5529991724453
Niger,NER,2005,92.8442821580917
Niger,NER,2007,92.9914454806714
Niger,NER,2011,88.324979024827
Niger,NER,2014,82.376920619183
Niger,NER,2018,81.1010625015485
Nigeria,NGA,1985,74.6143162920948
Nigeria,NGA,1992,73.7768810621184
Nigeria,NGA,1996,79.050808874066
Nigeria,NGA,2003,75.5799947316969
Nigeria,NGA,2010,66.012047057054
Nigeria,NGA,2012,65.1169960462548
Nigeria,NGA,2015,63.3047704019837
Nigeria,NGA,2018,63.4728418764679
North Macedonia,MKD,1998,9.46630040652016
North Macedonia,MKD,2000,20.2040351297419
North Macedonia,MKD,2002,7.48244216868978
North Macedonia,MKD,2003,8.48976386634712
North Macedonia,MKD,2004,4.46407461254549
North Macedonia,MKD,2005,7.76218493574438
North Macedonia,MKD,2006,9.36822933344222
North Macedonia,MKD,2008,4.60160316749532
North Macedonia,MKD,2009,18.6096917074834
North Macedonia,MKD,2010,17.9339388518122
North Macedonia,MKD,2011,15.5385888912383
North Macedonia,MKD,2012,14.1420216301002
North Macedonia,MKD,2013,12.0366764190946
North Macedonia,MKD,2014,10.5091348946972
North Macedonia,MKD,2015,10.1118572025909
North Macedonia,MKD,2016,9.66813534165917
North Macedonia,MKD,2017,9.20142266623102
North Macedonia,MKD,2018,7.11487162831549
Norway,NOR,1979,0.48479711052961
Norway,NOR,1986,0.24487593302028
Norway,NOR,1991,0.47524885131179
Norway,NOR,1995,0.49103453096304
Norway,NOR,2000,0.23508182941055
Norway,NOR,2003,0.23213724600063
Norway,NOR,2004,0.30982239992579
Norway,NOR,2005,0.27460133690764
Norway,NOR,2006,0.26771924828419
Norway,NOR,2007,0.28360907452406
Norway,NOR,2008,0.29420189995331
Norway,NOR,2009,0.12978327355066
Norway,NOR,2010,0.16544491881139
Norway,NOR,2011,0.14031064109464
Norway,NOR,2012,0.18101548038308
Norway,NOR,2013,0.18649826744997
Norway,NOR,2014,0.14360043711853
Norway,NOR,2015,0.21711041080773
Norway,NOR,2016,0.42583864259601
Norway,NOR,2017,0.34529647930424
Norway,NOR,2018,0.29195086079452
Norway,NOR,2019,0.25213576670582
Pakistan,PAK,1987,90.0555889354743
Pakistan,PAK,1990,89.5965313860386
Pakistan,PAK,1996,70.0111122157715
Pakistan,PAK,1998,71.6466589702782
Pakistan,PAK,2001,77.3665583666646
Pakistan,PAK,2004,64.8372358049712
Pakistan,PAK,2005,65.1400201617811
Pakistan,PAK,2007,60.6088246786213
Pakistan,PAK,2010,52.4226609842455
Pakistan,PAK,2011,51.6860362452744
Pakistan,PAK,2013,44.574467706059
Pakistan,PAK,2015,40.0089437543352
Pakistan,PAK,2018,39.8376976155327
Palestine,PSE,2004,3.61673937153643
Palestine,PSE,2005,3.21657336501028
Palestine,PSE,2006,1.98011539034927
Palestine,PSE,2007,5.09256757432862
Palestine,PSE,2009,1.74868352326758
Palestine,PSE,2010,2.0109925008991
Palestine,PSE,2011,1.8396759440024
Palestine,PSE,2016,3.0861824806348
Panama,PAN,1979,18.2902649362101
Panama,PAN,1989,31.8103731128365
Panama,PAN,1991,28.9025405695465
Panama,PAN,1995,22.7827377049794
Panama,PAN,1997,21.7607440073769
Panama,PAN,1998,21.7399064357944
Panama,PAN,1999,19.3725356222687
Panama,PAN,2000,18.2985839038222
Panama,PAN,2001,22.9147631440028
Panama,PAN,2002,19.6142609127565
Panama,PAN,2003,18.8574346415974
Panama,PAN,2004,17.6414847901345
Panama,PAN,2005,16.4070410382036
Panama,PAN,2006,17.4070790450257
Panama,PAN,2007,14.8763637837671
Panama,PAN,2008,10.5194851926929
Panama,PAN,2009,8.02966197275295
Panama,PAN,2010,9.06797016863853
Panama,PAN,2011,7.27184728017244
Panama,PAN,2012,8.65971870290935
Panama,PAN,2013,7.02711693299008
Panama,PAN,2014,7.42487859656153
Panama,PAN,2015,5.57080302613772
Panama,PAN,2016,5.82332089839491
Panama,PAN,2017,5.31791645505703
Panama,PAN,2018,4.40997146100412
Panama,PAN,2019,3.73613620354164
Papua New Guinea,PNG,1996,75.437820977863
Papua New Guinea,PNG,2009,67.7467605049875
Paraguay,PRY,1990,4.66342557965594
Paraguay,PRY,1995,23.4979278699803
Paraguay,PRY,1997,20.3618126743213
Paraguay,PRY,1999,20.3674689167624
Paraguay,PRY,2001,18.4285877034974
Paraguay,PRY,2002,27.2321067668343
Paraguay,PRY,2003,19.9841023284984
Paraguay,PRY,2004,17.3327581966384
Paraguay,PRY,2005,15.0167908780805
Paraguay,PRY,2006,19.4698182446038
Paraguay,PRY,2007,16.6818556581988
Paraguay,PRY,2008,14.1817209895845
Paraguay,PRY,2009,14.6055936477297
Paraguay,PRY,2010,13.5175677327411
Paraguay,PRY,2011,12.9356697597739
Paraguay,PRY,2012,10.1604456437032
Paraguay,PRY,2013,6.80015239187461
Paraguay,PRY,2014,7.580708334004
Paraguay,PRY,2015,7.14356381001112
Paraguay,PRY,2016,7.18101616837249
Paraguay,PRY,2017,5.21442007765945
Paraguay,PRY,2018,5.77031792432014
Paraguay,PRY,2019,5.11731533403886
Paraguay,PRY,2020,5.16742900739951
Peru,PER,1985,11.9592307406167
Peru,PER,1994,38.4491232593701
Peru,PER,1997,35.97398121268
Peru,PER,1998,34.9305654515195
Peru,PER,1999,36.3318826933304
Peru,PER,2000,35.3545095538009
Peru,PER,2001,37.5612486194999
Peru,PER,2002,34.2082844205686
Peru,PER,2003,32.3875717058102
Peru,PER,2004,32.8199247126323
Peru,PER,2005,35.1940442525724
Peru,PER,2006,30.4624997522727
Peru,PER,2007,26.4895305910111
Peru,PER,2008,22.7074824770598
Peru,PER,2009,20.5491074331728
Peru,PER,2010,17.8335132560243
Peru,PER,2011,16.2852096968567
Peru,PER,2012,14.8356282021316
Peru,PER,2013,14.066078270868
Peru,PER,2014,13.1177108590969
Peru,PER,2015,12.7940557201327
Peru,PER,2016,12.4906319939705
Peru,PER,2017,12.3880273000284
Peru,PER,2018,10.6483155513462
Peru,PER,2019,9.59277912146274
Peru,PER,2020,17.3666017732212
Philippines,PHL,1985,58.7931102321757
Philippines,PHL,1988,56.5635864961016
Philippines,PHL,1991,54.7736253394337
Philippines,PHL,1994,52.9266271893178
Philippines,PHL,1997,44.3782220440613
Philippines,PHL,2000,44.2762722697671
Philippines,PHL,2003,41.3252633567915
Philippines,PHL,2006,42.7399936420484
Philippines,PHL,2009,38.3267869745247
Philippines,PHL,2012,39.7925692380191
Philippines,PHL,2015,33.4383184260209
Philippines,PHL,2018,26.9653734303191
Poland,POL,1985,0.62633178710937
Poland,POL,1986,1.73971524670616
Poland,POL,1987,0.53479736328124
Poland,POL,1989,0.23578491210937
Poland,POL,1992,0.74819552718286
Poland,POL,1993,4.0375146484375
Poland,POL,1995,5.246673974884
Poland,POL,1996,22.4908544921875
Poland,POL,1998,1.02065707843837
Poland,POL,1999,1.21516106942977
Poland,POL,2000,1.51904282578236
Poland,POL,2001,1.68618902755996
Poland,POL,2002,1.90140927909943
Poland,POL,2003,1.287538409031
Poland,POL,2004,1.57577782172579
Poland,POL,2005,1.75316001012762
Poland,POL,2006,1.03800959113037
Poland,POL,2007,0.6649157787778
Poland,POL,2008,0.47753067594495
Poland,POL,2009,0.41079623745569
Poland,POL,2010,0.41541161375253
Poland,POL,2011,0.48886405121903
Poland,POL,2012,0.3833177870226
Poland,POL,2013,0.37819542911148
Poland,POL,2014,0.41597618648881
Poland,POL,2015,0.26912452034243
Poland,POL,2016,0.10768867766524
Poland,POL,2017,0.096618291991831
Poland,POL,2018,0.071981634035166
Poland,POL,2019,0.06859329180064
Portugal,PRT,2003,1.52554795797468
Portugal,PRT,2004,1.05387530701754
Portugal,PRT,2005,1.06462349900905
Portugal,PRT,2006,0.57037086701322
Portugal,PRT,2007,0.87881960155746
Portugal,PRT,2008,0.88277595440113
Portugal,PRT,2009,0.48193254038833
Portugal,PRT,2010,0.48630394315666
Portugal,PRT,2011,0.93249727887775
Portugal,PRT,2012,1.47952495236335
Portugal,PRT,2013,1.8475665075818
Portugal,PRT,2014,1.4898463089319
Portugal,PRT,2015,1.21518426052037
Portugal,PRT,2016,0.74647138291781
Portugal,PRT,2017,0.70548535326537
Portugal,PRT,2018,0.67372204558017
Portugal,PRT,2019,0.2498198340101
Romania,ROU,1989,0.62633178710937
Romania,ROU,1992,2.40820190429687
Romania,ROU,1994,38.6497314453125
Romania,ROU,1995,8.9984409680741
Romania,ROU,1997,10.2469346003997
Romania,ROU,1998,10.69491709528
Romania,ROU,1999,25.5617941786636
Romania,ROU,2000,27.9757238664101
Romania,ROU,2001,22.1309825014774
Romania,ROU,2002,21.5840222792588
Romania,ROU,2003,18.2052129564387
Romania,ROU,2004,14.2366040257473
Romania,ROU,2005,11.4873721252503
Romania,ROU,2006,11.2742654123107
Romania,ROU,2007,8.60089286734205
Romania,ROU,2008,4.78522883398558
Romania,ROU,2009,3.75796777664341
Romania,ROU,2010,4.61557345731799
Romania,ROU,2011,4.22815046121142
Romania,ROU,2012,3.9277656718608
Romania,ROU,2013,3.88257375549792
Romania,ROU,2014,13.8536225525482
Romania,ROU,2015,12.2146932257095
Romania,ROU,2016,2.56516926666135
Romania,ROU,2017,6.70967030145194
Romania,ROU,2018,1.30295172796395
Romania,ROU,2019,4.72565389158133
Russia,RUS,1993,13.0336564917747
Russia,RUS,1996,13.4545533480265
Russia,RUS,1997,7.44177020660123
Russia,RUS,1998,10.122601202927
Russia,RUS,1999,16.6041580426542
Russia,RUS,2000,12.8610110888322
Russia,RUS,2001,8.79387920946178
Russia,RUS,2002,6.51521126959405
Russia,RUS,2003,6.46463724439511
Russia,RUS,2004,5.52937621696393
Russia,RUS,2005,4.4027512358398
Russia,RUS,2006,3.19530569264445
Russia,RUS,2007,1.99093431472189
Russia,RUS,2008,0.87849970699095
Russia,RUS,2009,0.84600270136776
Russia,RUS,2010,0.74420306126614
Russia,RUS,2011,0.52335585510458
Russia,RUS,2012,0.50290984392947
Russia,RUS,2013,0.42153003294159
Russia,RUS,2014,0.31711469630202
Russia,RUS,2015,0.40911610927583
Russia,RUS,2016,0.358913281573
Russia,RUS,2017,0.39271184465427
Russia,RUS,2018,0.34770678641564
Russia,RUS,2019,0.26611961140184
Russia,RUS,2020,0.28696801106152
Rwanda,RWA,2000,89.4932265760705
Rwanda,RWA,2005,83.8463340119264
Rwanda,RWA,2010,82.2677421451151
Rwanda,RWA,2013,79.6971491090332
Rwanda,RWA,2016,78.0406431614513
Rwanda - rural,,1984,88.322770132971
Saint Lucia,LCA,1995,66.3281094164398
Saint Lucia,LCA,2016,11.7099352429846
Samoa,WSM,2002,13.7437509202429
Samoa,WSM,2008,10.9071291302133
Samoa,WSM,2013,10.5075315776866
Sao Tome and Principe,STP,2000,53.9651236088343
Sao Tome and Principe,STP,2010,59.4514771395203
Sao Tome and Principe,STP,2017,44.8431554895721
Senegal,SEN,1991,85.8073080008338
Senegal,SEN,1994,85.1330729693073
Senegal,SEN,2001,78.9793449654722
Senegal,SEN,2005,70.3984608381255
Senegal,SEN,2011,70.9975511261092
Senegal,SEN,2018,37.4438037357771
Serbia,SRB,2002,1.08815848119044
Serbia,SRB,2003,1.78430493413887
Serbia,SRB,2004,2.95073543961389
Serbia,SRB,2005,3.69746392819564
Serbia,SRB,2006,1.91277712525175
Serbia,SRB,2007,1.31943713057928
Serbia,SRB,2008,0.89833361500885
Serbia,SRB,2009,1.44505337142096
Serbia,SRB,2010,1.96881765151255
Serbia,SRB,2012,10.1718340197474
Serbia,SRB,2013,1.45632446034478
Serbia,SRB,2014,12.2298958339176
Serbia,SRB,2015,0.86438472088107
Serbia,SRB,2016,11.0235988053795
Serbia,SRB,2017,9.00401486382
Serbia,SRB,2018,0.68156658873912
Serbia,SRB,2019,1.21730463500296
Seychelles,SYC,1999,3.15438277221716
Seychelles,SYC,2006,2.26786384766792
Seychelles,SYC,2013,3.27498266033229
Seychelles,SYC,2018,1.16106591132851
Sierra Leone,SLE,1989,80.9752490234375
Sierra Leone,SLE,2003,83.692163195241
Sierra Leone,SLE,2011,72.6448359825948
Sierra Leone,SLE,2018,64.2806052710053
Slovakia,SVK,1992,0.24521105013679
Slovakia,SVK,1996,2.49835946691406
Slovakia,SVK,2004,0.86092203450255
Slovakia,SVK,2005,0.83445142912921
Slovakia,SVK,2006,0.042208853792975
Slovakia,SVK,2007,0.088797347536542
Slovakia,SVK,2008,0.13665163538181
Slovakia,SVK,2009,0.10829325513929
Slovakia,SVK,2010,1.15373647156695
Slovakia,SVK,2011,0.85414722958909
Slovakia,SVK,2012,1.0791805232188
Slovakia,SVK,2013,1.2168747590176
Slovakia,SVK,2014,1.84691088164531
Slovakia,SVK,2015,1.21923616954618
Slovakia,SVK,2016,2.11081449531534
Slovakia,SVK,2017,1.30199370021935
Slovakia,SVK,2018,1.30047213767589
Slovakia,SVK,2019,0.52073776766719
Slovenia,SVN,1987,0.028306884765625
Slovenia,SVN,1993,0.11373901367187
Slovenia,SVN,1997,0.2314962969706
Slovenia,SVN,1998,0.077125244140625
Slovenia,SVN,1999,0.24720712466508
Slovenia,SVN,2002,0.1342941677001
Slovenia,SVN,2003,0
Slovenia,SVN,2004,0.17443524725715
Slovenia,SVN,2005,0.17555496808336
Slovenia,SVN,2006,0.093481921627572
Slovenia,SVN,2007,0.083750146325898
Slovenia,SVN,2008,0
Slovenia,SVN,2009,0.016037244813369
Slovenia,SVN,2010,0.009157744607435
Slovenia,SVN,2011,0.022580395131981
Slovenia,SVN,2012,0.046757097493389
Slovenia,SVN,2013,0.050695457826508
Slovenia,SVN,2014,0.047430343087573
Slovenia,SVN,2015,0.004852958142731
Slovenia,SVN,2016,0
Slovenia,SVN,2017,0
Slovenia,SVN,2018,0
Slovenia,SVN,2019,0.015598673962165
Solomon Islands,SLB,2005,74.632008407058
Solomon Islands,SLB,2012,61.0224073068009
Somalia,SOM,2017,90.1759717075886
South Africa,ZAF,1993,52.0583592417388
South Africa,ZAF,2000,55.3794214786838
South Africa,ZAF,2005,51.1805440288838
South Africa,ZAF,2008,39.3221210989582
South Africa,ZAF,2010,37.9545329610037
South Africa,ZAF,2014,39.9564602684967
South Asia,,1990,83.2453967367899
South Asia,,1991,82.9768429434619
South Asia,,1992,82.0468275994304
South Asia,,1993,81.3165720488316
South Asia,,1994,81.0078911041683
South Asia,,1995,79.8080473403789
South Asia,,1996,78.907892361797
South Asia,,2002,76.88493086217
South Asia,,2003,75.9319488494216
South Asia,,2004,74.4683890843341
South Asia,,2005,73.0560399378053
South Asia,,2006,71.9800775628844
South Asia,,2007,70.5695482785464
South Asia,,2008,69.5655980355938
South Asia,,2009,68.4983988979986
South Asia,,2010,65.8067480197841
South Asia,,2011,61.4225180479833
South Asia,,2012,59.4161214617639
South Asia,,2013,58.761525558249
South Asia,,2014,58.1902381940077
South Asia,,2015,57.2408761477738
South Asia,,2016,55.7879204960365
South Asia,,2017,51.700687108262
South Asia,,2018,45.6168942290754
South Asia,,2019,42.0496858152363
South Korea,KOR,2006,0.74937723775617
South Korea,KOR,2008,0.74148185288
South Korea,KOR,2010,0.74790551774121
South Korea,KOR,2012,0.74880554648672
South Korea,KOR,2014,0.49823162661677
South Korea,KOR,2016,0.49644088800168
South Sudan,SSD,2009,56.6365792097558
South Sudan,SSD,2016,86.4544225598022
Spain,ESP,1980,1.74098405141758
Spain,ESP,1985,1.20087517892011
Spain,ESP,1990,0.71196248522734
Spain,ESP,1995,1.74820436944548
Spain,ESP,2000,0.73012257658425
Spain,ESP,2003,1.17083566420798
Spain,ESP,2004,1.27079198837388
Spain,ESP,2005,1.05190549159131
Spain,ESP,2006,1.12532174083228
Spain,ESP,2007,0.70475883699765
Spain,ESP,2008,0.86784383136259
Spain,ESP,2009,1.08673723228736
Spain,ESP,2010,1.05884894093927
Spain,ESP,2011,1.6413458933272
Spain,ESP,2012,1.54723846838944
Spain,ESP,2013,1.67968459337842
Spain,ESP,2014,1.45623886907585
Spain,ESP,2015,1.45958845314561
Spain,ESP,2016,1.68042556477896
Spain,ESP,2017,1.09237790761415
Spain,ESP,2018,1.23425805260933
Spain,ESP,2019,1.14991434962542
Sri Lanka,LKA,1985,51.8097351750813
Sri Lanka,LKA,1990,49.9281902010218
Sri Lanka,LKA,1995,47.5610669745711
Sri Lanka,LKA,2002,42.1586887912132
Sri Lanka,LKA,2006,29.7818569547924
Sri Lanka,LKA,2009,23.7818366494961
Sri Lanka,LKA,2012,19.7259543142159
Sri Lanka,LKA,2016,13.8486189925888
Sub-Saharan Africa,,1990,74.0938425335406
Sub-Saharan Africa,,1991,75.191439471637
Sub-Saharan Africa,,1992,76.3056487928158
Sub-Saharan Africa,,1993,77.6978374169674
Sub-Saharan Africa,,1994,78.0783615838811
Sub-Saharan Africa,,1995,77.6987202290044
Sub-Saharan Africa,,1996,77.1442414608564
Sub-Saharan Africa,,1997,77.192404282376
Sub-Saharan Africa,,1998,77.4162993226653
Sub-Saharan Africa,,1999,77.6806553744534
Sub-Saharan Africa,,2000,77.5493739755733
Sub-Saharan Africa,,2001,77.2167150375764
Sub-Saharan Africa,,2002,76.8286733318499
Sub-Saharan Africa,,2003,76.5234114909877
Sub-Saharan Africa,,2004,74.9287452425392
Sub-Saharan Africa,,2005,73.6799436687299
Sub-Saharan Africa,,2006,72.5420573405032
Sub-Saharan Africa,,2007,71.6239630835552
Sub-Saharan Africa,,2008,70.6082452120734
Sub-Saharan Africa,,2009,70.2939114180771
Sub-Saharan Africa,,2010,68.9565623532502
Sub-Saharan Africa,,2011,68.1244550543751
Sub-Saharan Africa,,2012,67.6967253684017
Sub-Saharan Africa,,2013,66.7919818726785
Sub-Saharan Africa,,2014,65.6733800352205
Sub-Saharan Africa,,2015,65.5716728557531
Sub-Saharan Africa,,2016,65.0742575387218
Sub-Saharan Africa,,2017,64.0581475819283
Sub-Saharan Africa,,2018,63.0631194304147
Sub-Saharan Africa,,2019,62.427139334507
Sudan,SDN,2009,47.7726708344191
Sudan,SDN,2014,49.7229745982292
Suriname - urban,,1999,28.0401416765053
Sweden,SWE,1967,9.23309450665411
Sweden,SWE,1975,0.49898670832827
Sweden,SWE,1981,0.49886723706081
Sweden,SWE,1987,0.24625529800218
Sweden,SWE,1992,0.24351319919036
Sweden,SWE,1995,0.49998958089422
Sweden,SWE,2000,0
Sweden,SWE,2003,0.53659090099353
Sweden,SWE,2004,0.60495415277072
Sweden,SWE,2005,1.31183811560651
Sweden,SWE,2006,0.5146551926644
Sweden,SWE,2007,0.57287450920691
Sweden,SWE,2008,0.80002317885266
Sweden,SWE,2009,0.77353779806634
Sweden,SWE,2010,0.75377298580552
Sweden,SWE,2011,0.80418538723694
Sweden,SWE,2012,0.58910119082778
Sweden,SWE,2013,0.80044428652282
Sweden,SWE,2014,0.6889237192596
Sweden,SWE,2015,0.83083328897242
Sweden,SWE,2016,0.47606220733394
Sweden,SWE,2017,0.32599734320547
Sweden,SWE,2018,0.92965235913053
Sweden,SWE,2019,0.43418666405135
Switzerland,CHE,1982,0.69740707458248
Switzerland,CHE,1992,0.72597610241774
Switzerland,CHE,2000,0.2408946309172
Switzerland,CHE,2002,0
Switzerland,CHE,2006,0.15059870842572
Switzerland,CHE,2007,0.085080314581743
Switzerland,CHE,2008,0.14588613522034
Switzerland,CHE,2009,0.12431275846015
Switzerland,CHE,2010,0.10978766759894
Switzerland,CHE,2011,0.010514374082192
Switzerland,CHE,2012,0.008965495321666
Switzerland,CHE,2013,0.048168242821588
Switzerland,CHE,2014,0.032768063907886
Switzerland,CHE,2015,0.030542556275911
Switzerland,CHE,2016,0.050802510009608
Switzerland,CHE,2017,0.021825939023395
Switzerland,CHE,2018,0.039577038444188
Syria,SYR,1996,19.2982914058707
Syria,SYR,2003,11.9160280675838
Taiwan,TWN,1981,0.23778321161544
Taiwan,TWN,1986,0.24571472070471
Taiwan,TWN,1991,0
Taiwan,TWN,1995,0.49881067361599
Taiwan,TWN,1997,0
Taiwan,TWN,2000,0
Taiwan,TWN,2005,0
Taiwan,TWN,2007,0
Taiwan,TWN,2010,0.24100541033166
Taiwan,TWN,2013,0.24921232522562
Taiwan,TWN,2016,0.24767809144513
Tajikistan,TJK,1999,90.4229564226716
Tajikistan,TJK,2003,72.7377919639408
Tajikistan,TJK,2004,55.0475636610776
Tajikistan,TJK,2007,42.6667713621708
Tajikistan,TJK,2009,31.9517273071887
Tajikistan,TJK,2015,25.7125264139719
Tanzania,TZA,1991,89.4539628396118
Tanzania,TZA,2000,95.4896333046899
Tanzania,TZA,2007,81.5647315973699
Tanzania,TZA,2011,76.7216567450677
Tanzania,TZA,2018,74.3379736372559
Thailand,THA,1981,48.0269662317864
Thailand,THA,1988,45.2917990200132
Thailand,THA,1990,41.0404337943194
Thailand,THA,1992,34.3657387209532
Thailand,THA,1994,24.7656610043355
Thailand,THA,1996,19.8003169922141
Thailand,THA,1998,19.0989917997398
Thailand,THA,1999,22.8864086082475
Thailand,THA,2000,23.5164331447644
Thailand,THA,2002,16.4365708290316
Thailand,THA,2004,12.2074583038752
Thailand,THA,2006,8.66093896596019
Thailand,THA,2007,6.74241937899431
Thailand,THA,2008,5.27036329398885
Thailand,THA,2009,4.5332908660371
Thailand,THA,2010,3.88554460120855
Thailand,THA,2011,2.05470893624738
Thailand,THA,2012,2.30938326593984
Thailand,THA,2013,1.79818602079924
Thailand,THA,2014,1.40765354640222
Thailand,THA,2015,0.81657032801418
Thailand,THA,2016,0.98297840236198
Thailand,THA,2017,0.820590267654
Thailand,THA,2018,0.94541226414333
Thailand,THA,2019,0.58080649384755
Thailand,THA,2020,0.67310331839095
Timor,TLS,2001,55.2368248956609
Timor,TLS,2007,59.4257584898168
Timor,TLS,2014,43.2524205999479
Togo,TGO,2006,81.3789007980227
Togo,TGO,2011,79.1027435980054
Togo,TGO,2015,77.3940902391214
Togo,TGO,2018,56.7663818440727
Tonga,TON,2000,8.81582635762719
Tonga,TON,2009,9.67811922072273
Tonga,TON,2015,8.78223342201997
Trinidad and Tobago,TTO,1988,5.67208406539392
Trinidad and Tobago,TTO,1992,9.431943359375
Tunisia,TUN,1985,33.987578125
Tunisia,TUN,1990,26.8845068359375
Tunisia,TUN,1995,28.1537841796875
Tunisia,TUN,2000,19.683798828125
Tunisia,TUN,2005,12.7407800763177
Tunisia,TUN,2010,7.42921138325572
Tunisia,TUN,2015,2.21100281785896
Turkey,TUR,1987,13.4594580078125
Turkey,TUR,1994,14.4846435546875
Turkey,TUR,2002,12.2501914641743
Turkey,TUR,2003,14.6471793696546
Turkey,TUR,2004,9.85243693757746
Turkey,TUR,2005,9.52299416727226
Turkey,TUR,2006,7.95489754583189
Turkey,TUR,2007,6.44343447397868
Turkey,TUR,2008,5.55809627556494
Turkey,TUR,2009,4.75339502291437
Turkey,TUR,2010,4.35778691471858
Turkey,TUR,2011,4.03624177996416
Turkey,TUR,2012,3.17410259603149
Turkey,TUR,2013,2.74147530550651
Turkey,TUR,2014,2.21535754209173
Turkey,TUR,2015,2.51527422659524
Turkey,TUR,2016,1.6298494861018
Turkey,TUR,2017,1.50636759966472
Turkey,TUR,2018,1.42095808806352
Turkey,TUR,2019,2.21227862449532
Turkmenistan,TKM,1998,71.1329155672823
Tuvalu,TUV,2010,19.555706641262
Uganda,UGA,1989,81.9782274258754
Uganda,UGA,1992,87.9103492947135
Uganda,UGA,1996,87.0035432165766
Uganda,UGA,1999,88.0671005290958
Uganda,UGA,2002,85.96671249001
Uganda,UGA,2005,81.2136909836586
Uganda,UGA,2009,75.2308631468078
Uganda,UGA,2012,68.8266206791009
Uganda,UGA,2016,71.1915845566015
Uganda,UGA,2019,71.9259405513058
Ukraine,UKR,1992,16.3271386540539
Ukraine,UKR,1993,13.7521027680073
Ukraine,UKR,1995,24.8341357421875
Ukraine,UKR,1996,27.9914147737435
Ukraine,UKR,1999,44.874072265625
Ukraine,UKR,2002,17.0002516629178
Ukraine,UKR,2003,10.4354635034096
Ukraine,UKR,2004,8.25071157993688
Ukraine,UKR,2005,3.91136000017455
Ukraine,UKR,2006,2.72920530942454
Ukraine,UKR,2007,2.14623329272598
Ukraine,UKR,2008,0.89929860593891
Ukraine,UKR,2009,1.00056878949511
Ukraine,UKR,2010,0.42249210450916
Ukraine,UKR,2011,0.53193640069127
Ukraine,UKR,2012,0.4031364527207
Ukraine,UKR,2013,0.28168090258657
Ukraine,UKR,2014,0.23227512113413
Ukraine,UKR,2015,0.89365182138045
Ukraine,UKR,2016,0.73172854762399
Ukraine,UKR,2017,0.59884607763455
Ukraine,UKR,2018,0.46149763513136
Ukraine,UKR,2019,0.31749678103948
Ukraine,UKR,2020,0.18348105812987
United Arab Emirates,ARE,2013,0
United Kingdom,GBR,1969,0.49688937848992
United Kingdom,GBR,1974,0.23726668508982
United Kingdom,GBR,1979,0.49813882253737
United Kingdom,GBR,1986,1.23558937895303
United Kingdom,GBR,1991,0.49869967342498
United Kingdom,GBR,1994,0.49841750546005
United Kingdom,GBR,1995,0.49015108184712
United Kingdom,GBR,1996,0.24636719502888
United Kingdom,GBR,1997,0.24725113229235
United Kingdom,GBR,1998,0.24555744163817
United Kingdom,GBR,1999,0.24853189048256
United Kingdom,GBR,2000,0.24815137698065
United Kingdom,GBR,2001,0.49831175784061
United Kingdom,GBR,2002,0.49854607812362
United Kingdom,GBR,2003,0.24797288287337
United Kingdom,GBR,2004,0.63496562234893
United Kingdom,GBR,2005,0.75267915916195
United Kingdom,GBR,2006,0.38433738532842
United Kingdom,GBR,2007,0.54312540685973
United Kingdom,GBR,2008,0.61424244041202
United Kingdom,GBR,2009,0.27611808822693
United Kingdom,GBR,2010,0.34703943926099
United Kingdom,GBR,2011,0.52669786999226
United Kingdom,GBR,2012,0.2586915846822
United Kingdom,GBR,2013,0.23223179635481
United Kingdom,GBR,2014,0.30368206741657
United Kingdom,GBR,2015,0.32101380831352
United Kingdom,GBR,2016,0.33423702641075
United Kingdom,GBR,2017,0.48537561740895
United States,USA,1974,0.99997193916761
United States,USA,1979,0.74962287961765
United States,USA,1986,0.74940981101652
United States,USA,1991,0.74914534706547
United States,USA,1992,0.74992848742644
United States,USA,1993,0.74836881444095
United States,USA,1994,0.74711951998599
United States,USA,1995,0.74773493015659
United States,USA,1996,0.74854541014724
United States,USA,1997,0.74906164511818
United States,USA,1998,0.99963089355907
United States,USA,1999,0.74805621250127
United States,USA,2000,0.99972496134946
United States,USA,2001,0.99827526105788
United States,USA,2002,0.99950919319228
United States,USA,2003,1.24928376731808
United States,USA,2004,1.24942982987616
United States,USA,2005,1.24829673977599
United States,USA,2006,1.24873032803115
United States,USA,2007,1.24980889972555
United States,USA,2008,1.24967453257101
United States,USA,2009,1.24778089147173
United States,USA,2010,1.24806153983588
United States,USA,2011,1.24940191137524
United States,USA,2012,1.24787789017428
United States,USA,2013,1.24782875444336
United States,USA,2014,1.49927644842936
United States,USA,2015,1.24918810472736
United States,USA,2016,1.2479337975547
United States,USA,2017,1.49968319892847
United States,USA,2018,1.24953850204084
United States,USA,2019,1.2494060236377
Uruguay,URY,2006,4.45151355248584
Uruguay,URY,2007,3.58542794963645
Uruguay,URY,2008,2.24791919434
Uruguay,URY,2009,2.2230920464464
Uruguay,URY,2010,1.60951494171964
Uruguay,URY,2011,1.32599113708997
Uruguay,URY,2012,1.31104769221319
Uruguay,URY,2013,1.0699274426813
Uruguay,URY,2014,0.83053865962851
Uruguay,URY,2015,0.78174880808984
Uruguay,URY,2016,0.69130426531453
Uruguay,URY,2017,0.4503904729916
Uruguay,URY,2018,0.42794528644066
Uruguay,URY,2019,0.54408074776984
Uruguay,URY,2020,0.87924418429761
Uruguay - urban,,1981,4.16648586321827
Uruguay - urban,,1989,3.31866746202701
Uruguay - urban,,1992,2.62691060261257
Uruguay - urban,,1995,2.42937460956479
Uruguay - urban,,1996,2.69811029298182
Uruguay - urban,,1997,2.48132980004818
Uruguay - urban,,1998,2.41121025059638
Uruguay - urban,,2000,2.44508318257107
Uruguay - urban,,2001,2.79086440825682
Uruguay - urban,,2002,3.91167218785116
Uruguay - urban,,2003,5.06809522620011
Uruguay - urban,,2004,6.4986193197
Uruguay - urban,,2005,5.77909606209517
Uzbekistan,UZB,1998,82.9761715486498
Uzbekistan,UZB,2000,95.021633726801
Uzbekistan,UZB,2002,94.4961101294998
Uzbekistan,UZB,2003,94.8879858038406
Vanuatu,VUT,2010,41.9507338016891
Vanuatu,VUT,2019,34.9546641217989
Venezuela,VEN,1981,18.5637841906369
Venezuela,VEN,1987,20.2934364894713
Venezuela,VEN,1989,12.0534862424097
Venezuela,VEN,1992,11.6730949540525
Venezuela,VEN,1995,24.1015400717267
Venezuela,VEN,1998,22.943495260024
Venezuela,VEN,1999,25.9097140919036
Venezuela,VEN,2001,23.7151741451301
Venezuela,VEN,2002,32.5719533376537
Venezuela,VEN,2003,38.1363724262463
Venezuela,VEN,2004,32.5292261282441
Venezuela,VEN,2005,25.7369629969044
Venezuela,VEN,2006,15.4817297195233
Vietnam,VNM,1992,76.1483283694786
Vietnam,VNM,1997,63.3585115140702
Vietnam,VNM,2002,65.6000563853009
Vietnam,VNM,2004,54.1407941586043
Vietnam,VNM,2006,44.5929018118557
Vietnam,VNM,2008,39.6752062687922
Vietnam,VNM,2010,14.0106982096968
Vietnam,VNM,2012,10.2139432607259
Vietnam,VNM,2014,8.81265511859376
Vietnam,VNM,2016,6.43403548733668
Vietnam,VNM,2018,5.32552073819201
World,OWID_WRL,1990,56.3252913275767
World,OWID_WRL,1991,56.3764702642015
World,OWID_WRL,1992,56.0830650013313
World,OWID_WRL,1993,55.7469950078424
World,OWID_WRL,1994,55.2528935220879
World,OWID_WRL,1995,54.1424368503195
World,OWID_WRL,1996,53.3318835248494
World,OWID_WRL,1997,52.7539496813469
World,OWID_WRL,1998,52.5796970488584
World,OWID_WRL,1999,52.296716702407
World,OWID_WRL,2000,50.9957070522065
World,OWID_WRL,2001,50.1472615501442
World,OWID_WRL,2002,48.7009462962822
World,OWID_WRL,2003,47.5872459504468
World,OWID_WRL,2004,45.763371866754
World,OWID_WRL,2005,43.6969899079826
World,OWID_WRL,2006,42.463219344356
World,OWID_WRL,2007,40.7413133904656
World,OWID_WRL,2008,39.629253503176
World,OWID_WRL,2009,38.5059886345134
World,OWID_WRL,2010,36.3879404547002
World,OWID_WRL,2011,34.0392966354699
World,OWID_WRL,2012,32.6476890064459
World,OWID_WRL,2013,30.6247331370659
World,OWID_WRL,2014,29.7039460873967
World,OWID_WRL,2015,28.8529795492789
World,OWID_WRL,2016,28.0398546939251
World,OWID_WRL,2017,26.6899892658106
World,OWID_WRL,2018,24.7345322266352
World,OWID_WRL,2019,23.4602498896948
Yemen,YEM,1998,29.6209507962913
Yemen,YEM,2005,40.7479135965717
Yemen,YEM,2014,54.3524034252473
Zambia,ZMB,1991,72.460243798393
Zambia,ZMB,1993,77.8371371995591
Zambia,ZMB,1996,69.849948629925
Zambia,ZMB,1998,70.4715583977151
Zambia,ZMB,2002,81.4378250386502
Zambia,ZMB,2004,78.6352616151315
Zambia,ZMB,2006,81.1652712323501
Zambia,ZMB,2010,82.8850878227897
Zambia,ZMB,2015,77.5480450710244
Zimbabwe,ZWE,2011,47.8571433725646
Zimbabwe,ZWE,2017,61.5835702406441
Zimbabwe,ZWE,2019,64.5098567519483
